round;target;A_LH_referent;A_RH_referent;B_LH_referent;B_RH_referent;gesture_similarity_coding;A_begin_hmsm;A_begin_msec;A_end_hmsm;A_end_msec;A_duration_msec;A_round;A_trial;A_target;A_hands;B_begin_hmsm;B_begin_msec;B_end_hmsm;B_end_msec;B_duration_msec;B_round;B_trial;B_target;B_hands;pairnr;include
R1-R2;16;16A+16C;16A+16C;16A+16C;16A+16C;H1P0S0M0R0;00:02:46.435;166435;00:02:47.595;167595;1160;R1;1.6;16;ppA_both;00:08:40.292;520292;00:08:41.012;521012;720;R2;2.3;16;ppB_both;5;1
R1-R2;16;16A+16C;16A+16C;16A+16C;16A+16C;H1P0S0M0R0;00:02:50.417;170417;00:02:51.539;171539;1122;R1;1.6;16;ppA_both;00:08:40.292;520292;00:08:41.012;521012;720;R2;2.3;16;ppB_both;5;1
R1-R2;16;NA;16A+16C;16A+16C;16A+16C;H0P0S9M0R1;00:02:52.693;172693;00:02:52.933;172933;240;R1;1.6;16;ppA_right;00:08:40.292;520292;00:08:41.012;521012;720;R2;2.3;16;ppB_both;5;1
R1-R2;16;NA;16A;16A+16C;16A+16C;H0P0S1M0R1;00:02:54.881;174881;00:02:55.087;175087;206;R1;1.6;16;ppA_right;00:08:40.292;520292;00:08:41.012;521012;720;R2;2.3;16;ppB_both;5;1
R1-R2;16;16C;NA;16A+16C;16A+16C;H0P0S0M0R0;00:02:56.611;176611;00:02:56.754;176754;143;R1;1.6;16;ppA_left;00:08:40.292;520292;00:08:41.012;521012;720;R2;2.3;16;ppB_both;5;1
R1-R2;16;16A+16C;16A+16C;16A+16C;16A+16C;H1P1S0M0R0;00:02:46.435;166435;00:02:47.595;167595;1160;R1;1.6;16;ppA_both;00:08:42.930;522930;00:08:43.210;523210;280;R2;2.3;16;ppB_both;5;1
R1-R2;16;16A+16C;16A+16C;16A+16C;16A+16C;H1P1S0M0R0;00:02:50.417;170417;00:02:51.539;171539;1122;R1;1.6;16;ppA_both;00:08:42.930;522930;00:08:43.210;523210;280;R2;2.3;16;ppB_both;5;1
R1-R2;16;NA;16A+16C;16A+16C;16A+16C;H0P1S1M0R1;00:02:52.693;172693;00:02:52.933;172933;240;R1;1.6;16;ppA_right;00:08:42.930;522930;00:08:43.210;523210;280;R2;2.3;16;ppB_both;5;1
R1-R2;16;NA;16A;16A+16C;16A+16C;H0P0S1M1R1;00:02:54.881;174881;00:02:55.087;175087;206;R1;1.6;16;ppA_right;00:08:42.930;522930;00:08:43.210;523210;280;R2;2.3;16;ppB_both;5;1
R1-R2;16;16C;NA;16A+16C;16A+16C;H0P1S0M1R0;00:02:56.611;176611;00:02:56.754;176754;143;R1;1.6;16;ppA_left;00:08:42.930;522930;00:08:43.210;523210;280;R2;2.3;16;ppB_both;5;1
R1-R2;16;16A+16C;16A+16C;NA;16A;H0P1S1M0R1;00:02:46.435;166435;00:02:47.595;167595;1160;R1;1.6;16;ppA_both;00:08:44.030;524030;00:08:44.230;524230;200;R2;2.3;16;ppB_right;5;1
R1-R2;16;16A+16C;16A+16C;NA;16A;H0P1S0M0R0;00:02:50.417;170417;00:02:51.539;171539;1122;R1;1.6;16;ppA_both;00:08:44.030;524030;00:08:44.230;524230;200;R2;2.3;16;ppB_right;5;1
R1-R2;16;NA;16A+16C;NA;16A;H1P1S0M0R1;00:02:52.693;172693;00:02:52.933;172933;240;R1;1.6;16;ppA_right;00:08:44.030;524030;00:08:44.230;524230;200;R2;2.3;16;ppB_right;5;1
R1-R2;16;NA;16A;NA;16A;H1P0S0M0R1;00:02:54.881;174881;00:02:55.087;175087;206;R1;1.6;16;ppA_right;00:08:44.030;524030;00:08:44.230;524230;200;R2;2.3;16;ppB_right;5;1
R1-R2;16;16A+16C;16A+16C;16C;NA;H0P0S1M0R0;00:02:46.435;166435;00:02:47.595;167595;1160;R1;1.6;16;ppA_both;00:08:44.426;524426;00:08:44.700;524700;274;R2;2.3;16;ppB_left;5;1
R1-R2;16;16A+16C;16A+16C;16C;NA;H0P0S0M0R0;00:02:50.417;170417;00:02:51.539;171539;1122;R1;1.6;16;ppA_both;00:08:44.426;524426;00:08:44.700;524700;274;R2;2.3;16;ppB_left;5;1
R1-R2;16;NA;16A+16C;16C;NA;H0P0S0M9R0;00:02:52.693;172693;00:02:52.933;172933;240;R1;1.6;16;ppA_right;00:08:44.426;524426;00:08:44.700;524700;274;R2;2.3;16;ppB_left;5;1
R1-R2;16;16C;NA;16C;NA;H1P0S0M1R0;00:02:56.611;176611;00:02:56.754;176754;143;R1;1.6;16;ppA_left;00:08:44.426;524426;00:08:44.700;524700;274;R2;2.3;16;ppB_left;5;1
R1-R2;11;11C;NA;11C;NA;H1P0S0M0R0;00:09:45.272;585272;00:09:45.503;585503;231;R2;2.6;11;ppA_left;00:03:32.878;212878;00:03:33.038;213038;160;R1;1.7;11;ppB_left;5;1
R1-R2;11;11C;NA;11C;NA;H1P0S0M0R0;00:09:46.267;586267;00:09:46.547;586547;280;R2;2.6;11;ppA_left;00:03:32.878;212878;00:03:33.038;213038;160;R1;1.7;11;ppB_left;5;1
R1-R2;11;11C;NA;11C;NA;H1P0S0M0R0;00:09:46.869;586869;00:09:46.989;586989;120;R2;2.6;11;ppA_left;00:03:32.878;212878;00:03:33.038;213038;160;R1;1.7;11;ppB_left;5;1
R1-R2;11;11D;NA;11D;NA;H1P0S0M0R0;00:09:49.155;589155;00:09:49.315;589315;160;R2;2.6;11;ppA_left;00:03:25.468;205468;00:03:25.782;205782;314;R1;1.7;11;ppB_left;5;1
R1-R2;11;11D;NA;NA;11D;H0P0S0M1R1;00:09:49.155;589155;00:09:49.315;589315;160;R2;2.6;11;ppA_left;00:03:27.427;207427;00:03:27.467;207467;40;R1;1.7;11;ppB_right;5;1
R1-R2;11;11C;NA;11C;NA;H1P0S0M0R0;00:09:58.871;598871;00:09:58.991;598991;120;R2;2.6;11;ppA_left;00:03:32.878;212878;00:03:33.038;213038;160;R1;1.7;11;ppB_left;5;1
R1-R2;11;11C;NA;11C;NA;H1P0S0M0R0;00:09:59.505;599505;00:09:59.905;599905;400;R2;2.6;11;ppA_left;00:03:32.878;212878;00:03:33.038;213038;160;R1;1.7;11;ppB_left;5;1
R1-R2;11;11C;NA;11C;NA;H1P0S0M0R0;00:10:01.395;601395;00:10:03.235;603235;1840;R2;2.6;11;ppA_left;00:03:32.878;212878;00:03:33.038;213038;160;R1;1.7;11;ppB_left;5;1
R1-R2;11;11A+11D;NA;11D;NA;H0P0S0M1R0;00:10:05.413;605413;00:10:05.573;605573;160;R2;2.6;11;ppA_left;00:03:25.468;205468;00:03:25.782;205782;314;R1;1.7;11;ppB_left;5;1
R1-R2;11;11A+11D;NA;NA;11D;H1P0S1M1R1;00:10:05.413;605413;00:10:05.573;605573;160;R2;2.6;11;ppA_left;00:03:27.427;207427;00:03:27.467;207467;40;R1;1.7;11;ppB_right;5;1
R1;14;14D;NA;14D;NA;H0P1S0M0R0;00:01:29.925;89925;00:01:30.796;90796;871;R1;1.4;14;ppA_left;00:01:27.323;87323;00:01:28.003;88003;680;R1;1.4;14;ppB_left;7;1
R1;14;14D;NA;14D;NA;H0P1S0M0R0;00:01:29.925;89925;00:01:30.796;90796;871;R1;1.4;14;ppA_left;00:01:30.489;90489;00:01:31.602;91602;1113;R1;1.4;14;ppB_left;7;1
R1;14;14D;NA;14D;NA;H1P1S0M0R0;00:01:31.324;91324;00:01:31.511;91511;187;R1;1.4;14;ppA_left;00:01:27.323;87323;00:01:28.003;88003;680;R1;1.4;14;ppB_left;7;1
R1;14;14D;NA;14D;NA;H1P1S0M0R0;00:01:31.324;91324;00:01:31.511;91511;187;R1;1.4;14;ppA_left;00:01:30.489;90489;00:01:31.602;91602;1113;R1;1.4;14;ppB_left;7;1
R1;16;16A+16C;16A+16C;16A+16C;NA;H0P0S0M0R1;00:01:51.722;111722;00:01:54.443;114443;2721;R1;1.6;16;ppA_both;00:02:35.323;155323;00:02:35.483;155483;160;R1;1.6;16;ppB_left;7;1
R1;16;16A+16C;16A+16C;16A+16C;NA;H0P0S0M0R1;00:02:24.231;144231;00:02:24.549;144549;318;R1;1.6;16;ppA_both;00:02:35.323;155323;00:02:35.483;155483;160;R1;1.6;16;ppB_left;7;1
R1;16;16A+16C;16A+16C;16A+16C;NA;H0P0S0M0R0;00:02:25.280;145280;00:02:26.040;146040;760;R1;1.6;16;ppA_both;00:02:35.323;155323;00:02:35.483;155483;160;R1;1.6;16;ppB_left;7;1
R1;16;NA;16A;16A+16C;NA;H0P0S0M0R0;00:01:49.177;109177;00:01:49.262;109262;85;R1;1.6;16;ppA_right;00:02:35.323;155323;00:02:35.483;155483;160;R1;1.6;16;ppB_left;7;1
R1;16;16C;NA;16A+16C;NA;H1P1S0M0R0;00:01:49.883;109883;00:01:50.123;110123;240;R1;1.6;16;ppA_left;00:02:35.323;155323;00:02:35.483;155483;160;R1;1.6;16;ppB_left;7;1
R1;16;16C;16A;16A+16C;NA;H0P1S0M0R0;00:01:50.798;110798;00:01:50.838;110838;40;R1;1.6;16;ppA_both;00:02:35.323;155323;00:02:35.483;155483;160;R1;1.6;16;ppB_left;7;1
R1;16;16A;16C;16A+16C;NA;H0P1S0M0R0;00:02:12.749;132749;00:02:13.029;133029;280;R1;1.6;16;ppA_both;00:02:35.323;155323;00:02:35.483;155483;160;R1;1.6;16;ppB_left;7;1
R1;16;NA;16C;16A+16C;NA;H0P0S0M0R0;00:02:13.318;133318;00:02:13.758;133758;440;R1;1.6;16;ppA_right;00:02:35.323;155323;00:02:35.483;155483;160;R1;1.6;16;ppB_left;7;1
R1;16;16A;NA;16A+16C;NA;H1P1S0M0R0;00:02:14.037;134037;00:02:14.145;134145;108;R1;1.6;16;ppA_left;00:02:35.323;155323;00:02:35.483;155483;160;R1;1.6;16;ppB_left;7;1
R1;16;16A;16C;16A+16C;NA;H0P1S1M0R0;00:02:15.147;135147;00:02:15.228;135228;81;R1;1.6;16;ppA_both;00:02:35.323;155323;00:02:35.483;155483;160;R1;1.6;16;ppB_left;7;1
R1;16;NA;16A;16A+16C;NA;H0P0S1M0R1;00:02:17.856;137856;00:02:17.936;137936;80;R1;1.6;16;ppA_right;00:02:35.323;155323;00:02:35.483;155483;160;R1;1.6;16;ppB_left;7;1
R1;16;16C;NA;16A+16C;NA;H1P1S1M0R1;00:02:18.216;138216;00:02:18.336;138336;120;R1;1.6;16;ppA_left;00:02:35.323;155323;00:02:35.483;155483;160;R1;1.6;16;ppB_left;7;1
R1;16;16C;NA;16C;16A;H0P1S0M0R0;00:01:49.883;109883;00:01:50.123;110123;240;R1;1.6;16;ppA_left;00:02:36.625;156625;00:02:37.147;157147;522;R1;1.6;16;ppB_both;7;1
R1;16;16C;16A;16C;16A;H1P1S0M1R0;00:01:50.798;110798;00:01:50.838;110838;40;R1;1.6;16;ppA_both;00:02:36.625;156625;00:02:37.147;157147;522;R1;1.6;16;ppB_both;7;1
R1;16;16C;NA;16C;16A;H0P1S1M0R1;00:02:18.216;138216;00:02:18.336;138336;120;R1;1.6;16;ppA_left;00:02:36.625;156625;00:02:37.147;157147;522;R1;1.6;16;ppB_both;7;1
R1;16;16A;16C;16C;16A;H1P1S0M0R0;00:02:12.749;132749;00:02:13.029;133029;280;R1;1.6;16;ppA_both;00:02:36.625;156625;00:02:37.147;157147;522;R1;1.6;16;ppB_both;7;1
R1;16;NA;16C;16C;16A;H0P1S0M0R0;00:02:13.318;133318;00:02:13.758;133758;440;R1;1.6;16;ppA_right;00:02:36.625;156625;00:02:37.147;157147;522;R1;1.6;16;ppB_both;7;1
R1;16;16A;16C;16C;16A;H1P1S1M1R0;00:02:15.147;135147;00:02:15.228;135228;81;R1;1.6;16;ppA_both;00:02:36.625;156625;00:02:37.147;157147;522;R1;1.6;16;ppB_both;7;1
R1;16;16A;NA;16C;16A;H0P1S0M0R0;00:02:14.037;134037;00:02:14.145;134145;108;R1;1.6;16;ppA_left;00:02:36.625;156625;00:02:37.147;157147;522;R1;1.6;16;ppB_both;7;1
R1;16;NA;16A;16C;16A;H0P1S0M1R0;00:01:49.177;109177;00:01:49.262;109262;85;R1;1.6;16;ppA_right;00:02:36.625;156625;00:02:37.147;157147;522;R1;1.6;16;ppB_both;7;1
R1;16;NA;16A;16C;16A;H0P1S1M1R0;00:02:17.856;137856;00:02:17.936;137936;80;R1;1.6;16;ppA_right;00:02:36.625;156625;00:02:37.147;157147;522;R1;1.6;16;ppB_both;7;1
R1;16;16A+16C;16A+16C;16C;16A;H1P1S0M0R1;00:01:51.722;111722;00:01:54.443;114443;2721;R1;1.6;16;ppA_both;00:02:36.625;156625;00:02:37.147;157147;522;R1;1.6;16;ppB_both;7;1
R1;16;16A+16C;16A+16C;16C;16A;H1P1S0M0R1;00:02:24.231;144231;00:02:24.549;144549;318;R1;1.6;16;ppA_both;00:02:36.625;156625;00:02:37.147;157147;522;R1;1.6;16;ppB_both;7;1
R1;16;16A+16C;16A+16C;16C;16A;H1P1S0M0R0;00:02:25.280;145280;00:02:26.040;146040;760;R1;1.6;16;ppA_both;00:02:36.625;156625;00:02:37.147;157147;522;R1;1.6;16;ppB_both;7;1
R1;11;11C;11C;11C;11C;H1P1S0M0R1;00:03:00.857;180857;00:03:01.303;181303;446;R1;1.7;11;ppA_both;00:02:57.404;177404;00:02:57.884;177884;480;R1;1.7;11;ppB_both;7;1
R1;11;11C;11C;11C;NA;H0P1S0M0R1;00:03:00.857;180857;00:03:01.303;181303;446;R1;1.7;11;ppA_both;00:02:58.819;178819;00:02:59.168;179168;349;R1;1.7;11;ppB_left;7;1
R1;11;11C;11C;11C;NA;H0P1S0M0R0;00:03:00.857;180857;00:03:01.303;181303;446;R1;1.7;11;ppA_both;00:03:15.074;195074;00:03:15.354;195354;280;R1;1.7;11;ppB_left;7;1
R1;11;11A+11D;11A+11D;11A;11A;H1P1S1M1R0;00:03:16.715;196715;00:03:16.795;196795;80;R1;1.7;11;ppA_both;00:02:53.802;173802;00:02:54.186;174186;384;R1;1.7;11;ppB_both;7;1
R1;11;11A+11D;11A+11D;11A;11A;H1P1S1M0R1;00:03:16.715;196715;00:03:16.795;196795;80;R1;1.7;11;ppA_both;00:02:54.908;174908;00:02:55.268;175268;360;R1;1.7;11;ppB_both;7;1
R1-R2;14;NA;14C;NA;14C;H1P1S0M1R1;00:01:23.414;83414;00:01:23.774;83774;360;R1;1.4;14;ppA_right;00:05:32.228;332228;00:05:32.668;332668;440;R2;2.1;14;ppB_right;7;1
R1-R2;9;09D;main;main;09D;H1P1S0M0R0;00:05:43.425;343425;00:05:43.505;343505;80;R2;2.2;9;ppA_both;00:00:10.554;10554;00:00:11.006;11006;452;R1;1.1;9;ppB_both;7;0
R1-R2;9, 13;09D;main;main;13D;H1P1S1M0R0;00:05:43.425;343425;00:05:43.505;343505;80;R2;2.2;9;ppA_both;00:01:39.950;99950;00:01:40.230;100230;280;R1;1.5;13;ppB_both;7;0
R1-R2;9, 11;09D;main;main;main;H1P1S0M1R0;00:05:43.425;343425;00:05:43.505;343505;80;R2;2.2;9;ppA_both;00:02:44.399;164399;00:02:44.599;164599;200;R1;1.7;11;ppB_both;7;0
R1-R2;9, 11;09D;main;main;main;H1P1S1M1R0;00:05:43.425;343425;00:05:43.505;343505;80;R2;2.2;9;ppA_both;00:03:06.697;186697;00:03:07.256;187256;559;R1;1.7;11;ppB_both;7;0
R1-R2;9;09C;NA;09C;NA;H1P1S1M0R1;00:05:44.468;344468;00:05:44.909;344909;441;R2;2.2;9;ppA_left;00:00:16.723;16723;00:00:17.158;17158;435;R1;1.1;9;ppB_left;7;1
R1-R2;9;09C;NA;09C;NA;H1P1S0M1R1;00:05:44.468;344468;00:05:44.909;344909;441;R2;2.2;9;ppA_left;00:00:17.984;17984;00:00:18.304;18304;320;R1;1.1;9;ppB_left;7;1
R1-R2;9;NA;09A;09A;NA;H0P0S0M0R1;00:05:47.135;347135;00:05:48.017;348017;882;R2;2.2;9;ppA_right;00:00:13.347;13347;00:00:13.560;13560;213;R1;1.1;9;ppB_left;7;1
R1-R2;9;NA;09A;09A;NA;H0P0S0M1R0;00:05:47.135;347135;00:05:48.017;348017;882;R2;2.2;9;ppA_right;00:00:14.943;14943;00:00:15.303;15303;360;R1;1.1;9;ppB_left;7;1
R1-R2;9;09B;09B;09B;09B;H1P1S0M0R0;00:05:53.258;353258;00:05:53.578;353578;320;R2;2.2;9;ppA_both;00:00:20.845;20845;00:00:21.527;21527;682;R1;1.1;9;ppB_both;7;1
R1-R2;9;09B;09B;09B;09B;H1P1S0M0R0;00:05:53.258;353258;00:05:53.578;353578;320;R2;2.2;9;ppA_both;00:00:22.205;22205;00:00:22.605;22605;400;R1;1.1;9;ppB_both;7;1
R1-R2;9;09C;NA;09C;NA;H1P1S1M0R1;00:06:03.513;363513;00:06:04.073;364073;560;R2;2.2;9;ppA_left;00:00:16.723;16723;00:00:17.158;17158;435;R1;1.1;9;ppB_left;7;1
R1-R2;9;09C;NA;09C;NA;H1P1S1M0R1;00:06:03.513;363513;00:06:04.073;364073;560;R2;2.2;9;ppA_left;00:00:17.984;17984;00:00:18.304;18304;320;R1;1.1;9;ppB_left;7;1
R1-R2;16;16C;NA;16C;16A;H0P1S0M0R0;00:01:49.883;109883;00:01:50.123;110123;240;R1;1.6;16;ppA_left;00:06:10.617;370617;00:06:10.857;370857;240;R2;2.3;16;ppB_both;7;1
R1-R2;16;16C;16A;16C;16A;H1P1S0M0R0;00:01:50.798;110798;00:01:50.838;110838;40;R1;1.6;16;ppA_both;00:06:10.617;370617;00:06:10.857;370857;240;R2;2.3;16;ppB_both;7;1
R1-R2;16;16C;NA;16C;16A;H0P1S1M0R1;00:02:18.216;138216;00:02:18.336;138336;120;R1;1.6;16;ppA_left;00:06:10.617;370617;00:06:10.857;370857;240;R2;2.3;16;ppB_both;7;1
R1-R2;16;16A;16C;16C;16A;H1P1S0M1R0;00:02:12.749;132749;00:02:13.029;133029;280;R1;1.6;16;ppA_both;00:06:10.617;370617;00:06:10.857;370857;240;R2;2.3;16;ppB_both;7;1
R1-R2;16;NA;16C;16C;16A;H0P1S0M1R0;00:02:13.318;133318;00:02:13.758;133758;440;R1;1.6;16;ppA_right;00:06:10.617;370617;00:06:10.857;370857;240;R2;2.3;16;ppB_both;7;1
R1-R2;16;16A;16C;16C;16A;H1P1S1M0R0;00:02:15.147;135147;00:02:15.228;135228;81;R1;1.6;16;ppA_both;00:06:10.617;370617;00:06:10.857;370857;240;R2;2.3;16;ppB_both;7;1
R1-R2;16;16A;NA;16C;16A;H0P1S0M0R0;00:02:14.037;134037;00:02:14.145;134145;108;R1;1.6;16;ppA_left;00:06:10.617;370617;00:06:10.857;370857;240;R2;2.3;16;ppB_both;7;1
R1-R2;16;NA;16A;16C;16A;H0P1S0M0R0;00:01:49.177;109177;00:01:49.262;109262;85;R1;1.6;16;ppA_right;00:06:10.617;370617;00:06:10.857;370857;240;R2;2.3;16;ppB_both;7;1
R1-R2;16;NA;16A;16C;16A;H0P1S1M0R1;00:02:17.856;137856;00:02:17.936;137936;80;R1;1.6;16;ppA_right;00:06:10.617;370617;00:06:10.857;370857;240;R2;2.3;16;ppB_both;7;1
R1-R2;16;16A+16C;16A+16C;16C;16A;H1P1S0M0R1;00:01:51.722;111722;00:01:54.443;114443;2721;R1;1.6;16;ppA_both;00:06:10.617;370617;00:06:10.857;370857;240;R2;2.3;16;ppB_both;7;1
R1-R2;16;16A+16C;16A+16C;16C;16A;H1P1S0M0R1;00:02:24.231;144231;00:02:24.549;144549;318;R1;1.6;16;ppA_both;00:06:10.617;370617;00:06:10.857;370857;240;R2;2.3;16;ppB_both;7;1
R1-R2;16;16A+16C;16A+16C;16C;16A;H1P1S0M0R0;00:02:25.280;145280;00:02:26.040;146040;760;R1;1.6;16;ppA_both;00:06:10.617;370617;00:06:10.857;370857;240;R2;2.3;16;ppB_both;7;1
R1-R2;10;NA;10B;10B+10F;10B+10F;H0P1S1M1R1;00:03:51.267;231267;00:03:51.707;231707;440;R1;1.1;10;ppA_right;00:06:32.824;392824;00:06:33.182;393182;358;R2;2.5;10;ppB_both;7;1
R1-R2;10;10F;NA;10B+10F;10B+10F;H0P1S1M1R1;00:03:53.270;233270;00:03:53.710;233710;440;R1;1.1;10;ppA_left;00:06:32.824;392824;00:06:33.182;393182;358;R2;2.5;10;ppB_both;7;1
R1-R2;10;NA;10B;10B+10F;10B+10F;H0P1S1M0R1;00:03:57.698;237698;00:03:57.818;237818;120;R1;1.1;10;ppA_right;00:06:32.824;392824;00:06:33.182;393182;358;R2;2.5;10;ppB_both;7;1
R1-R2;10;10F;NA;10B+10F;10B+10F;H0P1S1M1R1;00:03:59.215;239215;00:03:59.565;239565;350;R1;1.1;10;ppA_left;00:06:32.824;392824;00:06:33.182;393182;358;R2;2.5;10;ppB_both;7;1
R1-R2;10;10D;NA;10D;NA;H1P1S1M0R0;00:04:00.518;240518;00:04:01.991;241991;1473;R1;1.1;10;ppA_left;00:06:34.564;394564;00:06:34.644;394644;80;R2;2.5;10;ppB_left;7;1
R1-R2;11;11B;NA;11B;NA;H1P1S0M1R0;00:06:41.133;401133;00:06:41.214;401214;81;R2;2.6;11;ppA_left;00:02:47.122;167122;00:02:47.282;167282;160;R1;1.7;11;ppB_left;7;1
R1-R2;11;11B;NA;11B;NA;H1P1S0M0R0;00:06:41.133;401133;00:06:41.214;401214;81;R2;2.6;11;ppA_left;00:02:48.521;168521;00:02:49.192;169192;671;R1;1.7;11;ppB_left;7;1
R1-R2;11;11B;NA;NA;11B;H0P1S1M0R0;00:06:41.133;401133;00:06:41.214;401214;81;R2;2.6;11;ppA_left;00:03:09.111;189111;00:03:09.231;189231;120;R1;1.7;11;ppB_right;7;1
R1-R2;11;11B;NA;NA;11B;H0P0S0M0R0;00:06:41.133;401133;00:06:41.214;401214;81;R2;2.6;11;ppA_left;00:03:09.938;189938;00:03:10.098;190098;160;R1;1.7;11;ppB_right;7;1
R1-R2;11;11B;NA;NA;11B;H0P0S0M0R0;00:06:41.133;401133;00:06:41.214;401214;81;R2;2.6;11;ppA_left;00:03:10.670;190670;00:03:11.110;191110;440;R1;1.7;11;ppB_right;7;1
R1-R2;11;11C;NA;11C;11C;H0P0S0M1R0;00:06:43.444;403444;00:06:44.325;404325;881;R2;2.6;11;ppA_left;00:02:57.404;177404;00:02:57.884;177884;480;R1;1.7;11;ppB_both;7;1
R1-R2;11;11C;NA;11C;NA;H1P1S0M0R1;00:06:43.444;403444;00:06:44.325;404325;881;R2;2.6;11;ppA_left;00:02:58.819;178819;00:02:59.168;179168;349;R1;1.7;11;ppB_left;7;1
R1-R2;11;11C;NA;11C;NA;H1P1S0M0R1;00:06:43.444;403444;00:06:44.325;404325;881;R2;2.6;11;ppA_left;00:03:15.074;195074;00:03:15.354;195354;280;R1;1.7;11;ppB_left;7;1
R1-R2;12;12C;12C;12C;NA;H0P1S0M0R1;00:05:18.746;318746;00:05:19.336;319336;590;R1;1.16;12;ppA_both;00:06:59.486;419486;00:07:00.766;420766;1280;R2;2.7;12;ppB_left;7;1
R1-R2;12;12C;12C;12C;NA;H0P1S0M0R0;00:05:19.726;319726;00:05:20.336;320336;610;R1;1.16;12;ppA_both;00:06:59.486;419486;00:07:00.766;420766;1280;R2;2.7;12;ppB_left;7;1
R1-R2;12;NA;12C;12C;NA;H0P0S0M0R0;00:05:21.079;321079;00:05:21.926;321926;847;R1;1.16;12;ppA_right;00:06:59.486;419486;00:07:00.766;420766;1280;R2;2.7;12;ppB_left;7;1
R2;12;12A;NA;12A;NA;H1P1S0M0R1;00:07:04.272;424272;00:07:04.468;424468;196;R2;2.7;12;ppA_left;00:06:53.697;413697;00:06:53.857;413857;160;R2;2.7;12;ppB_left;7;1
R2;12;12A;NA;NA;12A;H1P1S1M1R1;00:07:04.272;424272;00:07:04.468;424468;196;R2;2.7;12;ppA_left;00:07:05.218;425218;00:07:05.298;425298;80;R2;2.7;12;ppB_right;7;1
R1-R2;13;13A;13A;13A;NA;H0P1S1M1R1;00:07:36.704;456704;00:07:37.337;457337;633;R2;2.1;13;ppA_both;00:01:42.795;102795;00:01:44.235;104235;1440;R1;1.5;13;ppB_left;7;1
R1-R2;13;13A;13A;13A;NA;H0P1S1M0R1;00:07:37.452;457452;00:07:39.332;459332;1880;R2;2.1;13;ppA_both;00:01:42.795;102795;00:01:44.235;104235;1440;R1;1.5;13;ppB_left;7;1
R1-R2;13;13A;13A;13A;NA;H0P1S1M1R1;00:07:40.008;460008;00:07:40.453;460453;445;R2;2.1;13;ppA_both;00:01:42.795;102795;00:01:44.235;104235;1440;R1;1.5;13;ppB_left;7;1
R1-R2;15;15C;15C;15C;NA;H0P1S1M0R1;00:07:56.936;476936;00:07:57.856;477856;920;R2;2.12;15;ppA_both;00:01:03.000;63000;00:01:03.240;63240;240;R1;1.3;15;ppB_left;7;1
R1-R2;15;15C;15C;15C;NA;H0P1S1M0R1;00:07:56.936;476936;00:07:57.856;477856;920;R2;2.12;15;ppA_both;00:01:03.680;63680;00:01:03.960;63960;280;R1;1.3;15;ppB_left;7;1
R1-R2;15;15C;15C;15C;NA;H0P1S1M0R1;00:07:56.936;476936;00:07:57.856;477856;920;R2;2.12;15;ppA_both;00:01:13.209;73209;00:01:13.529;73529;320;R1;1.3;15;ppB_left;7;1
R1-R2;15;NA;15A;15A;NA;H0P1S0M0R0;00:07:59.190;479190;00:08:00.430;480430;1240;R2;2.12;15;ppA_right;00:01:07.419;67419;00:01:07.902;67902;483;R1;1.3;15;ppB_left;7;1
R1-R2;15;NA;15A;15A;NA;H0P1S0M0R0;00:07:59.190;479190;00:08:00.430;480430;1240;R2;2.12;15;ppA_right;00:01:08.729;68729;00:01:09.049;69049;320;R1;1.3;15;ppB_left;7;1
R1;9;09A;09A;09A;09A;H1P1S1M1R1;00:00:23.279;23279;00:00:25.750;25750;2471;R1;1.1;9;ppA_both;00:00:14.631;14631;00:00:16.593;16593;1962;R1;1.1;9;ppB_both;9;1
R1;9;09A;09A;09A;09A;H1P1S1M1R1;00:00:23.279;23279;00:00:25.750;25750;2471;R1;1.1;9;ppA_both;00:00:21.721;21721;00:00:23.235;23235;1514;R1;1.1;9;ppB_both;9;1
R1;9;09A;09A;09A;09A;H1P1S1M1R1;00:00:23.279;23279;00:00:25.750;25750;2471;R1;1.1;9;ppA_both;00:00:26.353;26353;00:00:28.093;28093;1740;R1;1.1;9;ppB_both;9;1
R1;9;09A;09A;09A;09A;H1P1S0M0R0;00:00:23.279;23279;00:00:25.750;25750;2471;R1;1.1;9;ppA_both;00:00:29.124;29124;00:00:29.310;29310;186;R1;1.1;9;ppB_both;9;1
R1-R2;9;09A;NA;09A;09A;H0P1S0M0R0;00:07:39.084;459084;00:07:39.324;459324;240;R2;2.2;9;ppA_left;00:00:14.631;14631;00:00:16.593;16593;1962;R1;1.1;9;ppB_both;9;1
R1-R2;9;09A;NA;09A;09A;H0P1S0M0R0;00:07:39.084;459084;00:07:39.324;459324;240;R2;2.2;9;ppA_left;00:00:21.721;21721;00:00:23.235;23235;1514;R1;1.1;9;ppB_both;9;1
R1-R2;9;09A;NA;09A;09A;H0P1S0M0R0;00:07:39.084;459084;00:07:39.324;459324;240;R2;2.2;9;ppA_left;00:00:26.353;26353;00:00:28.093;28093;1740;R1;1.1;9;ppB_both;9;1
R1-R2;9;09A;NA;09A;09A;H0P0S1M1R1;00:07:39.084;459084;00:07:39.324;459324;240;R2;2.2;9;ppA_left;00:00:29.124;29124;00:00:29.310;29310;186;R1;1.1;9;ppB_both;9;1
R1-R2;12;NA;12C;12C;NA;H0P0S0M1R1;00:07:02.689;422689;00:07:04.610;424610;1921;R1;1.16;12;ppA_right;00:09:32.601;572601;00:09:32.841;572841;240;R2;2.7;12;ppB_left;9;1
R1;15;NA;15C;NA;15C;H1P1S1M0R0;00:02:22.797;142797;00:02:23.436;143436;639;R1;1.3;15;ppA_right;00:02:03.719;123719;00:02:04.118;124118;399;R1;1.3;15;ppB_right;11;1
R1;15;NA;15C;main;15C;H1P1S1M0R1;00:02:22.797;142797;00:02:23.436;143436;639;R1;1.3;15;ppA_right;00:02:15.845;135845;00:02:16.245;136245;400;R1;1.3;15;ppB_both;11;0
R1;16;NA;16A;16C;16A;H0P1S0M0R0;00:03:04.833;184833;00:03:05.073;185073;240;R1;1.6;16;ppA_right;00:03:12.922;192922;00:03:12.961;192961;39;R1;1.6;16;ppB_both;11;1
R1;16;NA;16A+16C;16C;16A;H0P1S0M1R0;00:03:09.186;189186;00:03:09.746;189746;560;R1;1.6;16;ppA_right;00:03:12.922;192922;00:03:12.961;192961;39;R1;1.6;16;ppB_both;11;1
R1;11;NA;11B;NA;11B;H1P0S1M1R0;00:03:46.870;226870;00:03:47.070;227070;200;R1;1.7;11;ppA_right;00:03:48.737;228737;00:03:48.778;228778;41;R1;1.7;11;ppB_right;11;1
R1;10;NA;10D;10D;NA;H0P0S1M1R1;00:05:08.828;308828;00:05:09.066;309066;238;R1;1.1;10;ppA_right;00:05:08.225;308225;00:05:08.507;308507;282;R1;1.1;10;ppB_left;11;1
R1-R2;10;NA;10A+10E;NA;10A+10E;H1P1S0M0R0;00:04:54.558;294558;00:04:57.466;297466;2908;R1;1.1;10;ppA_right;00:09:23.325;563325;00:09:23.646;563646;321;R2;2.5;10;ppB_right;11;1
R1;13;13A;NA;NA;13A;H0P0S1M0R1;00:02:47.807;167807;00:02:48.311;168311;504;R1;1.5;13;ppA_left;00:02:44.694;164694;00:02:46.507;166507;1813;R1;1.5;13;ppB_right;13;1
R1;16;16B;16B;16B;NA;H0P1S1M0R0;00:03:04.645;184645;00:03:05.645;185645;1000;R1;1.6;16;ppA_both;00:03:55.711;235711;00:03:56.846;236846;1135;R1;1.6;16;ppB_left;13;1
R1;16;NA;16B;16B;NA;H0P0S1M0R1;00:03:32.525;212525;00:03:32.839;212839;314;R1;1.6;16;ppA_right;00:03:55.711;235711;00:03:56.846;236846;1135;R1;1.6;16;ppB_left;13;1
R1;11;11C;11C;11C;11C;H0P1S1M0R0;00:06:38.038;398038;00:06:38.079;398079;41;R1;1.7;11;ppA_both;00:04:27.005;267005;00:04:27.755;267755;750;R1;1.7;11;ppB_both;13;1
R1;11;11C;11C;11C;11C;H0P1S1M0R0;00:06:38.038;398038;00:06:38.079;398079;41;R1;1.7;11;ppA_both;00:04:28.250;268250;00:04:28.610;268610;360;R1;1.7;11;ppB_both;13;1
R1;11;11C;11C;11C;NA;H0P1S0M0R0;00:06:38.038;398038;00:06:38.079;398079;41;R1;1.7;11;ppA_both;00:04:33.861;273861;00:04:34.208;274208;347;R1;1.7;11;ppB_left;13;1
R1;11;11C;11C;11C;11C;H1P1S1M1R1;00:06:38.038;398038;00:06:38.079;398079;41;R1;1.7;11;ppA_both;00:05:50.350;350350;00:05:50.391;350391;41;R1;1.7;11;ppB_both;13;1
R1;11;11C;11C;11C;11C;H1P1S1M0R1;00:06:38.038;398038;00:06:38.079;398079;41;R1;1.7;11;ppA_both;00:05:51.578;351578;00:05:52.018;352018;440;R1;1.7;11;ppB_both;13;1
R1;11;11C;11C;11C;11C;H1P1S0M0R1;00:06:38.038;398038;00:06:38.079;398079;41;R1;1.7;11;ppA_both;00:06:07.153;367153;00:06:07.472;367472;319;R1;1.7;11;ppB_both;13;1
R1;11;11C;11C;11C;11C;H1P1S0M0R0;00:06:38.038;398038;00:06:38.079;398079;41;R1;1.7;11;ppA_both;00:06:09.348;369348;00:06:10.194;370194;846;R1;1.7;11;ppB_both;13;1
R1;11;NA;11C;11C;11C;H0P0S1M0R0;00:06:39.362;399362;00:06:39.904;399904;542;R1;1.7;11;ppA_right;00:04:27.005;267005;00:04:27.755;267755;750;R1;1.7;11;ppB_both;13;1
R1;11;NA;11C;11C;11C;H0P0S1M0R0;00:06:39.362;399362;00:06:39.904;399904;542;R1;1.7;11;ppA_right;00:04:28.250;268250;00:04:28.610;268610;360;R1;1.7;11;ppB_both;13;1
R1;11;NA;11C;11C;NA;H0P1S0M0R0;00:06:39.362;399362;00:06:39.904;399904;542;R1;1.7;11;ppA_right;00:04:33.861;273861;00:04:34.208;274208;347;R1;1.7;11;ppB_left;13;1
R1;11;NA;11C;11C;11C;H0P0S0M1R0;00:06:39.362;399362;00:06:39.904;399904;542;R1;1.7;11;ppA_right;00:05:50.350;350350;00:05:50.391;350391;41;R1;1.7;11;ppB_both;13;1
R1;11;NA;11C;11C;11C;H0P1S1M0R0;00:06:39.362;399362;00:06:39.904;399904;542;R1;1.7;11;ppA_right;00:05:51.578;351578;00:05:52.018;352018;440;R1;1.7;11;ppB_both;13;1
R1;11;NA;11C;11C;11C;H0P1S0M0R0;00:06:39.362;399362;00:06:39.904;399904;542;R1;1.7;11;ppA_right;00:06:07.153;367153;00:06:07.472;367472;319;R1;1.7;11;ppB_both;13;1
R1;11;NA;11C;11C;11C;H0P1S0M0R0;00:06:39.362;399362;00:06:39.904;399904;542;R1;1.7;11;ppA_right;00:06:09.348;369348;00:06:10.194;370194;846;R1;1.7;11;ppB_both;13;1
R1;11;NA;11B;NA;11B;H1P1S0M0R0;00:06:41.750;401750;00:06:42.236;402236;486;R1;1.7;11;ppA_right;00:04:23.120;263120;00:04:23.573;263573;453;R1;1.7;11;ppB_right;13;1
R1;11;NA;11B;NA;11B;H1P1S0M0R1;00:06:41.750;401750;00:06:42.236;402236;486;R1;1.7;11;ppA_right;00:05:10.145;310145;00:05:10.986;310986;841;R1;1.7;11;ppB_right;13;1
R1;11;NA;11D;11D;11D;H0P1S0M0R0;00:06:45.007;405007;00:06:45.208;405208;201;R1;1.7;11;ppA_right;00:04:08.253;248253;00:04:09.213;249213;960;R1;1.7;11;ppB_both;13;1
R1;11;NA;11D;11D;NA;H0P0S1M0R0;00:06:45.007;405007;00:06:45.208;405208;201;R1;1.7;11;ppA_right;00:04:20.973;260973;00:04:21.133;261133;160;R1;1.7;11;ppB_left;13;1
R1;11;NA;11D;11D;11D;H0P1S0M0R0;00:06:45.007;405007;00:06:45.208;405208;201;R1;1.7;11;ppA_right;00:04:52.502;292502;00:04:53.662;293662;1160;R1;1.7;11;ppB_both;13;1
R1;11;NA;11D;11D;11D;H0P1S0M0R0;00:06:45.007;405007;00:06:45.208;405208;201;R1;1.7;11;ppA_right;00:05:23.206;323206;00:05:23.566;323566;360;R1;1.7;11;ppB_both;13;1
R1;11;NA;11D;11D;11D;H0P1S0M0R0;00:06:45.007;405007;00:06:45.208;405208;201;R1;1.7;11;ppA_right;00:05:25.099;325099;00:05:25.475;325475;376;R1;1.7;11;ppB_both;13;1
R1;11;NA;11D;NA;11D;H1P1S0M0R0;00:06:45.007;405007;00:06:45.208;405208;201;R1;1.7;11;ppA_right;00:05:26.006;326006;00:05:26.550;326550;544;R1;1.7;11;ppB_right;13;1
R1;11;NA;11A;11A;NA;H0P0S0M0R0;00:06:45.987;405987;00:06:46.333;406333;346;R1;1.7;11;ppA_right;00:04:19.757;259757;00:04:19.917;259917;160;R1;1.7;11;ppB_left;13;1
R1;11;NA;11A;11A;NA;H0P0S0M1R0;00:06:48.328;408328;00:06:48.688;408688;360;R1;1.7;11;ppA_right;00:04:19.757;259757;00:04:19.917;259917;160;R1;1.7;11;ppB_left;13;1
R1;11;NA;11B;NA;11B;H1P1S0M0R0;00:06:55.142;415142;00:06:55.741;415741;599;R1;1.7;11;ppA_right;00:04:23.120;263120;00:04:23.573;263573;453;R1;1.7;11;ppB_right;13;1
R1;11;NA;11B;NA;11B;H1P1S0M0R1;00:06:55.142;415142;00:06:55.741;415741;599;R1;1.7;11;ppA_right;00:05:10.145;310145;00:05:10.986;310986;841;R1;1.7;11;ppB_right;13;1
R1;11;11C;11C;11C;11C;H1P1S1M0R0;00:06:56.548;416548;00:06:56.749;416749;201;R1;1.7;11;ppA_both;00:04:27.005;267005;00:04:27.755;267755;750;R1;1.7;11;ppB_both;13;1
R1;11;11C;11C;11C;11C;H1P1S1M1R0;00:06:56.548;416548;00:06:56.749;416749;201;R1;1.7;11;ppA_both;00:04:28.250;268250;00:04:28.610;268610;360;R1;1.7;11;ppB_both;13;1
R1;11;11C;11C;11C;NA;H0P1S0M0R1;00:06:56.548;416548;00:06:56.749;416749;201;R1;1.7;11;ppA_both;00:04:33.861;273861;00:04:34.208;274208;347;R1;1.7;11;ppB_left;13;1
R1;11;11C;11C;11C;11C;H1P1S1M0R1;00:06:56.548;416548;00:06:56.749;416749;201;R1;1.7;11;ppA_both;00:05:50.350;350350;00:05:50.391;350391;41;R1;1.7;11;ppB_both;13;1
R1;11;11C;11C;11C;11C;H1P1S9M1R1;00:06:56.548;416548;00:06:56.749;416749;201;R1;1.7;11;ppA_both;00:05:51.578;351578;00:05:52.018;352018;440;R1;1.7;11;ppB_both;13;1
R1;11;11C;11C;11C;11C;H1P1S0M0R0;00:06:56.548;416548;00:06:56.749;416749;201;R1;1.7;11;ppA_both;00:06:07.153;367153;00:06:07.472;367472;319;R1;1.7;11;ppB_both;13;1
R1;11;11C;11C;11C;11C;H1P1S0M0R0;00:06:56.548;416548;00:06:56.749;416749;201;R1;1.7;11;ppA_both;00:06:09.348;369348;00:06:10.194;370194;846;R1;1.7;11;ppB_both;13;1
R1;11;11D;NA;11D;11D;H0P1S0M0R0;00:06:59.170;419170;00:06:59.890;419890;720;R1;1.7;11;ppA_left;00:04:08.253;248253;00:04:09.213;249213;960;R1;1.7;11;ppB_both;13;1
R1;11;11D;NA;11D;NA;H1P1S0M0R0;00:06:59.170;419170;00:06:59.890;419890;720;R1;1.7;11;ppA_left;00:04:20.973;260973;00:04:21.133;261133;160;R1;1.7;11;ppB_left;13;1
R1;11;11D;NA;11D;11D;H0P1S0M0R0;00:06:59.170;419170;00:06:59.890;419890;720;R1;1.7;11;ppA_left;00:04:52.502;292502;00:04:53.662;293662;1160;R1;1.7;11;ppB_both;13;1
R1;11;11D;NA;11D;11D;H0P1S0M0R1;00:06:59.170;419170;00:06:59.890;419890;720;R1;1.7;11;ppA_left;00:05:23.206;323206;00:05:23.566;323566;360;R1;1.7;11;ppB_both;13;1
R1;11;11D;NA;11D;11D;H0P1S0M0R0;00:06:59.170;419170;00:06:59.890;419890;720;R1;1.7;11;ppA_left;00:05:25.099;325099;00:05:25.475;325475;376;R1;1.7;11;ppB_both;13;1
R1;11;11D;NA;NA;11D;H0P0S0M0R0;00:06:59.170;419170;00:06:59.890;419890;720;R1;1.7;11;ppA_left;00:05:26.006;326006;00:05:26.550;326550;544;R1;1.7;11;ppB_right;13;1
R1;11;11D;NA;11D;11D;H0P1S0M0R0;00:07:00.776;420776;00:07:00.940;420940;164;R1;1.7;11;ppA_left;00:04:08.253;248253;00:04:09.213;249213;960;R1;1.7;11;ppB_both;13;1
R1;11;11D;NA;11D;NA;H1P1S0M0R0;00:07:00.776;420776;00:07:00.940;420940;164;R1;1.7;11;ppA_left;00:04:20.973;260973;00:04:21.133;261133;160;R1;1.7;11;ppB_left;13;1
R1;11;11D;NA;11D;11D;H0P1S0M0R0;00:07:00.776;420776;00:07:00.940;420940;164;R1;1.7;11;ppA_left;00:04:52.502;292502;00:04:53.662;293662;1160;R1;1.7;11;ppB_both;13;1
R1;11;11D;NA;11D;11D;H0P1S0M0R1;00:07:00.776;420776;00:07:00.940;420940;164;R1;1.7;11;ppA_left;00:05:23.206;323206;00:05:23.566;323566;360;R1;1.7;11;ppB_both;13;1
R1;11;11D;NA;11D;11D;H0P1S0M0R0;00:07:00.776;420776;00:07:00.940;420940;164;R1;1.7;11;ppA_left;00:05:25.099;325099;00:05:25.475;325475;376;R1;1.7;11;ppB_both;13;1
R1;11;11D;NA;NA;11D;H0P0S0M0R0;00:07:00.776;420776;00:07:00.940;420940;164;R1;1.7;11;ppA_left;00:05:26.006;326006;00:05:26.550;326550;544;R1;1.7;11;ppB_right;13;1
R1;11;NA;11A;11A;NA;H0P0S0M0R0;00:07:01.860;421860;00:07:02.920;422920;1060;R1;1.7;11;ppA_right;00:04:19.757;259757;00:04:19.917;259917;160;R1;1.7;11;ppB_left;13;1
R1;10;10B+10F;10B+10F;10B+10F;10B+10F;H1P1S0M0R0;00:09:50.752;590752;00:09:51.154;591154;402;R1;1.1;10;ppA_both;00:10:06.200;606200;00:10:07.000;607000;800;R1;1.1;10;ppB_both;13;1
R1;10;10A+10B+10E+10F;10A+10B+10E+10F;10B+10F;10B+10F;H1P1S0M0R1;00:09:40.992;580992;00:09:41.752;581752;760;R1;1.1;10;ppA_both;00:10:06.200;606200;00:10:07.000;607000;800;R1;1.1;10;ppB_both;13;1
R1;10;10B+10F;10B+10F;10B+10F;10B+10F;H1P1S1M0R1;00:10:07.474;607474;00:10:07.675;607675;201;R1;1.1;10;ppA_both;00:10:06.200;606200;00:10:07.000;607000;800;R1;1.1;10;ppB_both;13;1
R1;12;12C;NA;12C;NA;H1P1S0M0R0;00:15:02.951;902951;00:15:03.306;903306;355;R1;1.16;12;ppA_left;00:15:14.596;914596;00:15:15.036;915036;440;R1;1.16;12;ppB_left;13;1
R1;12;12C;NA;12C;NA;H1P1S0M0R0;00:15:22.465;922465;00:15:23.016;923016;551;R1;1.16;12;ppA_left;00:15:14.596;914596;00:15:15.036;915036;440;R1;1.16;12;ppB_left;13;1
R1;12;NA;12A;NA;12A;H1P1S1M0R1;00:15:29.617;929617;00:15:30.777;930777;1160;R1;1.16;12;ppA_right;00:15:28.363;928363;00:15:29.324;929324;961;R1;1.16;12;ppB_right;13;1
R1;12;NA;12A;NA;12A;H1P1S0M0R0;00:15:31.089;931089;00:15:31.169;931169;80;R1;1.16;12;ppA_right;00:15:28.363;928363;00:15:29.324;929324;961;R1;1.16;12;ppB_right;13;1
R1-R2;14;14C;NA;NA;14C;H1P0S0M0R1;00:02:30.152;150152;00:02:30.312;150312;160;R1;1.4;14;ppA_left;00:15:43.303;943303;00:15:43.700;943700;397;R2;2.1;14;ppB_right;13;1
R1-R2;11, 14;main;main;main;main;H1P1S1M0R1;00:04:57.462;297462;00:04:57.867;297867;405;R1;1.7;11;ppA_both;00:15:47.947;947947;00:15:48.626;948626;679;R2;2.1;14;ppB_both;13;0
R1-R2;11, 14;main;main;main;main;H1P1S1M1R9;00:06:53.783;413783;00:06:54.423;414423;640;R1;1.7;11;ppA_both;00:15:47.947;947947;00:15:48.626;948626;679;R2;2.1;14;ppB_both;13;0
R1-R2;10, 14;main;main;main;main;H1P1S0M0R0;00:09:39.354;579354;00:09:39.733;579733;379;R1;1.1;10;ppA_both;00:15:47.947;947947;00:15:48.626;948626;679;R2;2.1;14;ppB_both;13;0
R1-R2;14;14C;NA;NA;14C;H0P0S0M0R0;00:02:30.152;150152;00:02:30.312;150312;160;R1;1.4;14;ppA_left;00:15:59.552;959552;00:15:59.714;959714;162;R2;2.1;14;ppB_right;13;1
R1-R2;14;14C;NA;14C;14C;H0P1S0M0R0;00:02:30.152;150152;00:02:30.312;150312;160;R1;1.4;14;ppA_left;00:16:02.052;962052;00:16:02.492;962492;440;R2;2.1;14;ppB_both;13;1
R1-R2;14;14C;NA;NA;14C;H0P0S1M0R0;00:02:30.152;150152;00:02:30.312;150312;160;R1;1.4;14;ppA_left;00:16:06.520;966520;00:16:06.840;966840;320;R2;2.1;14;ppB_right;13;1
R2;14;14B+14D;14B+14D;14B+14D;14B+14D;H1P1S0M0R0;00:16:25.689;985689;00:16:25.769;985769;80;R2;2.1;14;ppA_both;00:15:51.336;951336;00:15:52.896;952896;1560;R2;2.1;14;ppB_both;13;1
R2;14;14B+14D;14B+14D;NA;14B;H0P1S0M0R1;00:16:25.689;985689;00:16:25.769;985769;80;R2;2.1;14;ppA_both;00:16:14.620;974620;00:16:14.780;974780;160;R2;2.1;14;ppB_right;13;1
R2;14;14B+14D;14B+14D;14D;NA;H0P1S0M0R1;00:16:25.689;985689;00:16:25.769;985769;80;R2;2.1;14;ppA_both;00:16:16.932;976932;00:16:17.212;977212;280;R2;2.1;14;ppB_left;13;1
R2;14;14C;14C;14C;14C;H1P1S1M0R0;00:16:26.552;986552;00:16:26.873;986873;321;R2;2.1;14;ppA_both;00:16:02.052;962052;00:16:02.492;962492;440;R2;2.1;14;ppB_both;13;1
R2;14;14C;14C;NA;14C;H0P1S0M0R0;00:16:26.552;986552;00:16:26.873;986873;321;R2;2.1;14;ppA_both;00:15:43.303;943303;00:15:43.700;943700;397;R2;2.1;14;ppB_right;13;1
R2;14;14C;14C;NA;14C;H0P1S0M0R0;00:16:26.552;986552;00:16:26.873;986873;321;R2;2.1;14;ppA_both;00:15:59.552;959552;00:15:59.714;959714;162;R2;2.1;14;ppB_right;13;1
R2;14;14C;14C;NA;14C;H0P1S1M0R1;00:16:26.552;986552;00:16:26.873;986873;321;R2;2.1;14;ppA_both;00:16:06.520;966520;00:16:06.840;966840;320;R2;2.1;14;ppB_right;13;1
R2;9, 14;NA;main;main;main;H0P1S0M0R0;00:16:50.376;1010376;00:16:50.776;1010776;400;R2;2.2;9;ppA_right;00:15:47.947;947947;00:15:48.626;948626;679;R2;2.1;14;ppB_both;13;0
R1-R2;16;16C;NA;16C;NA;H1P1S0M1R0;00:03:14.942;194942;00:03:15.238;195238;296;R1;1.6;16;ppA_left;00:17:07.379;1027379;00:17:07.698;1027698;319;R2;2.3;16;ppB_left;13;1
R1-R2;16;16C;NA;16C;NA;H1P1S0M1R0;00:03:49.824;229824;00:03:50.013;230013;189;R1;1.6;16;ppA_left;00:17:07.379;1027379;00:17:07.698;1027698;319;R2;2.3;16;ppB_left;13;1
R1-R2;16;NA;16A;NA;16A;H1P1S0M0R0;00:03:25.341;205341;00:03:25.541;205541;200;R1;1.6;16;ppA_right;00:17:09.492;1029492;00:17:09.732;1029732;240;R2;2.3;16;ppB_right;13;1
R1-R2;16;16B;16B;16B;16B;H1P1S0M1R0;00:03:04.645;184645;00:03:05.645;185645;1000;R1;1.6;16;ppA_both;00:17:14.947;1034947;00:17:15.027;1035027;80;R2;2.3;16;ppB_both;13;1
R1-R2;16;NA;16B;16B;16B;H0P1S0M0R0;00:03:32.525;212525;00:03:32.839;212839;314;R1;1.6;16;ppA_right;00:17:14.947;1034947;00:17:15.027;1035027;80;R2;2.3;16;ppB_both;13;1
R1-R2;16;16B;16B;16B;16B;H1P1S0M0R0;00:03:04.645;184645;00:03:05.645;185645;1000;R1;1.6;16;ppA_both;00:17:15.078;1035078;00:17:15.585;1035585;507;R2;2.3;16;ppB_both;13;1
R1-R2;16;NA;16B;16B;16B;H0P1S0M0R0;00:03:32.525;212525;00:03:32.839;212839;314;R1;1.6;16;ppA_right;00:17:15.078;1035078;00:17:15.585;1035585;507;R2;2.3;16;ppB_both;13;1
R1-R2;16;16B;16B;NA;16B;H0P1S0M0R1;00:03:04.645;184645;00:03:05.645;185645;1000;R1;1.6;16;ppA_both;00:17:16.081;1036081;00:17:16.507;1036507;426;R2;2.3;16;ppB_right;13;1
R1-R2;16;NA;16B;NA;16B;H1P1S0M0R1;00:03:32.525;212525;00:03:32.839;212839;314;R1;1.6;16;ppA_right;00:17:16.081;1036081;00:17:16.507;1036507;426;R2;2.3;16;ppB_right;13;1
R1-R2;16;NA;16A;NA;16A;H1P1S0M0R0;00:03:25.341;205341;00:03:25.541;205541;200;R1;1.6;16;ppA_right;00:17:28.050;1048050;00:17:28.214;1048214;164;R2;2.3;16;ppB_right;13;1
R1-R2;16;16C;NA;16C;NA;H1P1S0M0R0;00:03:14.942;194942;00:03:15.238;195238;296;R1;1.6;16;ppA_left;00:17:28.536;1048536;00:17:28.936;1048936;400;R2;2.3;16;ppB_left;13;1
R1-R2;16;16C;NA;16C;NA;H1P1S0M0R0;00:03:49.824;229824;00:03:50.013;230013;189;R1;1.6;16;ppA_left;00:17:28.536;1048536;00:17:28.936;1048936;400;R2;2.3;16;ppB_left;13;1
R2;16;16C;16A;16C;NA;H0P1S0M0R1;00:17:30.829;1050829;00:17:31.199;1051199;370;R2;2.3;16;ppA_both;00:17:07.379;1027379;00:17:07.698;1027698;319;R2;2.3;16;ppB_left;13;1
R2;16;16C;16A;16C;NA;H0P1S0M0R1;00:17:30.829;1050829;00:17:31.199;1051199;370;R2;2.3;16;ppA_both;00:17:28.536;1048536;00:17:28.936;1048936;400;R2;2.3;16;ppB_left;13;1
R2;16;16C;16A;NA;16A;H0P1S0M1R1;00:17:30.829;1050829;00:17:31.199;1051199;370;R2;2.3;16;ppA_both;00:17:09.492;1029492;00:17:09.732;1029732;240;R2;2.3;16;ppB_right;13;1
R2;16;16C;16A;NA;16A;H0P1S0M1R1;00:17:30.829;1050829;00:17:31.199;1051199;370;R2;2.3;16;ppA_both;00:17:28.050;1048050;00:17:28.214;1048214;164;R2;2.3;16;ppB_right;13;1
R1-R2;16;NA;16B;16B;NA;H0P0S0M0R1;00:17:34.895;1054895;00:17:35.970;1055970;1075;R2;2.3;16;ppA_right;00:03:55.711;235711;00:03:56.846;236846;1135;R1;1.6;16;ppB_left;13;1
R2;16;NA;16B;16B;16B;H0P1S0M0R1;00:17:34.895;1054895;00:17:35.970;1055970;1075;R2;2.3;16;ppA_right;00:17:14.947;1034947;00:17:15.027;1035027;80;R2;2.3;16;ppB_both;13;1
R2;16;NA;16B;16B;16B;H0P1S0M0R1;00:17:34.895;1054895;00:17:35.970;1055970;1075;R2;2.3;16;ppA_right;00:17:15.078;1035078;00:17:15.585;1035585;507;R2;2.3;16;ppB_both;13;1
R2;16;NA;16B;NA;16B;H1P1S0M0R1;00:17:34.895;1054895;00:17:35.970;1055970;1075;R2;2.3;16;ppA_right;00:17:16.081;1036081;00:17:16.507;1036507;426;R2;2.3;16;ppB_right;13;1
R1-R2;10;10A+10B+10E+10F;10A+10B+10E+10F;10E+10F;NA;H0P1S0M0R0;00:09:40.992;580992;00:09:41.752;581752;760;R1;1.1;10;ppA_both;00:17:59.927;1079927;00:18:00.007;1080007;80;R2;2.5;10;ppB_left;13;1
R1-R2;10;10B+10F;10B+10F;10E+10F;NA;H0P1S0M0R0;00:09:50.752;590752;00:09:51.154;591154;402;R1;1.1;10;ppA_both;00:17:59.927;1079927;00:18:00.007;1080007;80;R2;2.5;10;ppB_left;13;1
R1-R2;10;10B+10F;10B+10F;10E+10F;NA;H0P1S0M0R0;00:10:07.474;607474;00:10:07.675;607675;201;R1;1.1;10;ppA_both;00:17:59.927;1079927;00:18:00.007;1080007;80;R2;2.5;10;ppB_left;13;1
R1-R2;10;10A+10B+10E+10F;10A+10B+10E+10F;NA;10A+10B;H0P0S0M0R0;00:09:40.992;580992;00:09:41.752;581752;760;R1;1.1;10;ppA_both;00:18:00.738;1080738;00:18:00.818;1080818;80;R2;2.5;10;ppB_right;13;1
R1-R2;10;10B+10F;10B+10F;NA;10A+10B;H0P0S0M0R0;00:09:50.752;590752;00:09:51.154;591154;402;R1;1.1;10;ppA_both;00:18:00.738;1080738;00:18:00.818;1080818;80;R2;2.5;10;ppB_right;13;1
R1-R2;10;10B+10F;10B+10F;NA;10A+10B;H0P0S0M0R0;00:10:07.474;607474;00:10:07.675;607675;201;R1;1.1;10;ppA_both;00:18:00.738;1080738;00:18:00.818;1080818;80;R2;2.5;10;ppB_right;13;1
R1-R2;10;NA;10C;10C;NA;H0P0S0M1R1;00:10:02.420;602420;00:10:02.741;602741;321;R1;1.1;10;ppA_right;00:18:03.037;1083037;00:18:03.342;1083342;305;R2;2.5;10;ppB_left;13;1
R1-R2;11;11D;11D;11D;11D;H1P1S0M0R0;00:18:11.782;1091782;00:18:11.861;1091861;79;R2;2.6;11;ppA_both;00:04:08.253;248253;00:04:09.213;249213;960;R1;1.7;11;ppB_both;13;1
R1-R2;11;11D;11D;11D;NA;H0P1S1M0R0;00:18:11.782;1091782;00:18:11.861;1091861;79;R2;2.6;11;ppA_both;00:04:20.973;260973;00:04:21.133;261133;160;R1;1.7;11;ppB_left;13;1
R1-R2;11;11D;11D;11D;11D;H1P1S0M0R0;00:18:11.782;1091782;00:18:11.861;1091861;79;R2;2.6;11;ppA_both;00:04:52.502;292502;00:04:53.662;293662;1160;R1;1.7;11;ppB_both;13;1
R1-R2;11;11D;11D;11D;11D;H1P1S0M0R0;00:18:11.782;1091782;00:18:11.861;1091861;79;R2;2.6;11;ppA_both;00:05:23.206;323206;00:05:23.566;323566;360;R1;1.7;11;ppB_both;13;1
R1-R2;11;11D;11D;11D;11D;H1P1S0M0R0;00:18:11.782;1091782;00:18:11.861;1091861;79;R2;2.6;11;ppA_both;00:05:25.099;325099;00:05:25.475;325475;376;R1;1.7;11;ppB_both;13;1
R1-R2;11;11D;11D;NA;11D;H0P1S0M0R0;00:18:11.782;1091782;00:18:11.861;1091861;79;R2;2.6;11;ppA_both;00:05:26.006;326006;00:05:26.550;326550;544;R1;1.7;11;ppB_right;13;1
R1-R2;11;NA;11A;11A;NA;H0P0S0M1R1;00:18:13.287;1093287;00:18:13.376;1093376;89;R2;2.6;11;ppA_right;00:04:19.757;259757;00:04:19.917;259917;160;R1;1.7;11;ppB_left;13;1
R1-R2;11;11C;11C;11C;11C;H1P1S0M0R0;00:18:18.740;1098740;00:18:19.137;1099137;397;R2;2.6;11;ppA_both;00:04:27.005;267005;00:04:27.755;267755;750;R1;1.7;11;ppB_both;13;1
R1-R2;11;11C;11C;11C;11C;H1P1S0M0R0;00:18:18.740;1098740;00:18:19.137;1099137;397;R2;2.6;11;ppA_both;00:04:28.250;268250;00:04:28.610;268610;360;R1;1.7;11;ppB_both;13;1
R1-R2;11;11C;11C;11C;NA;H0P1S0M0R1;00:18:18.740;1098740;00:18:19.137;1099137;397;R2;2.6;11;ppA_both;00:04:33.861;273861;00:04:34.208;274208;347;R1;1.7;11;ppB_left;13;1
R1-R2;11;11C;11C;11C;11C;H1P1S0M1R0;00:18:18.740;1098740;00:18:19.137;1099137;397;R2;2.6;11;ppA_both;00:05:50.350;350350;00:05:50.391;350391;41;R1;1.7;11;ppB_both;13;1
R1-R2;11;11C;11C;11C;11C;H1P1S0M0R0;00:18:18.740;1098740;00:18:19.137;1099137;397;R2;2.6;11;ppA_both;00:05:51.578;351578;00:05:52.018;352018;440;R1;1.7;11;ppB_both;13;1
R1-R2;11;11C;11C;11C;11C;H1P1S0M0R0;00:18:18.740;1098740;00:18:19.137;1099137;397;R2;2.6;11;ppA_both;00:06:07.153;367153;00:06:07.472;367472;319;R1;1.7;11;ppB_both;13;1
R1-R2;11;11C;11C;11C;11C;H1P1S0M0R0;00:18:18.740;1098740;00:18:19.137;1099137;397;R2;2.6;11;ppA_both;00:06:09.348;369348;00:06:10.194;370194;846;R1;1.7;11;ppB_both;13;1
R1-R2;12;NA;12A;NA;12A;H1P0S1M0R1;00:15:29.617;929617;00:15:30.777;930777;1160;R1;1.16;12;ppA_right;00:18:26.883;1106883;00:18:27.232;1107232;349;R2;2.7;12;ppB_right;13;1
R1-R2;12;NA;12A;NA;12A;H1P0S0M1R0;00:15:31.089;931089;00:15:31.169;931169;80;R1;1.16;12;ppA_right;00:18:26.883;1106883;00:18:27.232;1107232;349;R2;2.7;12;ppB_right;13;1
R1-R2;12;12C;NA;12C;NA;H1P1S0M0R0;00:18:45.725;1125725;00:18:45.838;1125838;113;R2;2.7;12;ppA_left;00:15:14.596;914596;00:15:15.036;915036;440;R1;1.16;12;ppB_left;13;1
R1-R2;12;NA;12A;NA;12A;H1P1S1M0R1;00:18:46.336;1126336;00:18:47.177;1127177;841;R2;2.7;12;ppA_right;00:15:28.363;928363;00:15:29.324;929324;961;R1;1.16;12;ppB_right;13;1
R2;12;NA;12A;NA;12A;H1P0S1M0R1;00:18:46.336;1126336;00:18:47.177;1127177;841;R2;2.7;12;ppA_right;00:18:26.883;1106883;00:18:27.232;1107232;349;R2;2.7;12;ppB_right;13;1
R2;13, 14;main;main;main;main;H1P1S0M0R0;00:19:30.114;1170114;00:19:30.194;1170194;80;R2;2.1;13;ppA_both;00:15:47.947;947947;00:15:48.626;948626;679;R2;2.1;14;ppB_both;13;0
R1-R2;13;NA;13A;NA;13A;H1P1S1M0R1;00:19:30.500;1170500;00:19:31.300;1171300;800;R2;2.1;13;ppA_right;00:02:44.694;164694;00:02:46.507;166507;1813;R1;1.5;13;ppB_right;13;1
R1-R2;13;13D;13D;13D;13D;H1P1S0M0R1;00:19:32.514;1172514;00:19:32.594;1172594;80;R2;2.1;13;ppA_both;00:02:42.634;162634;00:02:43.075;163075;441;R1;1.5;13;ppB_both;13;1
R1-R2;13;NA;13A;NA;13A;H0P1S0M0R0;00:19:37.560;1177560;00:19:38.939;1178939;1379;R2;2.1;13;ppA_right;00:02:44.694;164694;00:02:46.507;166507;1813;R1;1.5;13;ppB_right;13;1
R1-R2;13;13D;13D;13D;13D;H1P1S0M0R0;00:19:45.978;1185978;00:19:46.659;1186659;681;R2;2.1;13;ppA_both;00:02:42.634;162634;00:02:43.075;163075;441;R1;1.5;13;ppB_both;13;1
R2;13, 14;main;13D;main;main;H1P1S0M0R0;00:19:47.031;1187031;00:19:47.350;1187350;319;R2;2.1;13;ppA_both;00:15:47.947;947947;00:15:48.626;948626;679;R2;2.1;14;ppB_both;13;0
R1-R2;13;main;13D;13D;13D;H1P1S1M0R0;00:19:47.031;1187031;00:19:47.350;1187350;319;R2;2.1;13;ppA_both;00:02:42.634;162634;00:02:43.075;163075;441;R1;1.5;13;ppB_both;13;0
R1-R2;13;13A;NA;NA;13A;H0P0S1M0R1;00:02:47.807;167807;00:02:48.311;168311;504;R1;1.5;13;ppA_left;00:19:50.941;1190941;00:19:51.708;1191708;767;R2;2.1;13;ppB_right;13;1
R2;13;NA;13A;NA;13A;H1P1S1M1R1;00:19:30.500;1170500;00:19:31.300;1171300;800;R2;2.1;13;ppA_right;00:19:50.941;1190941;00:19:51.708;1191708;767;R2;2.1;13;ppB_right;13;1
R2;13;NA;13A;NA;13A;H1P1S1M1R1;00:19:37.560;1177560;00:19:38.939;1178939;1379;R2;2.1;13;ppA_right;00:19:50.941;1190941;00:19:51.708;1191708;767;R2;2.1;13;ppB_right;13;1
R1-R2;13;NA;13A;NA;13A;H1P1S1M1R1;00:19:51.955;1191955;00:19:52.556;1192556;601;R2;2.1;13;ppA_right;00:02:44.694;164694;00:02:46.507;166507;1813;R1;1.5;13;ppB_right;13;1
R2;13;NA;13A;NA;13A;H1P1S1M1R1;00:19:51.955;1191955;00:19:52.556;1192556;601;R2;2.1;13;ppA_right;00:19:50.941;1190941;00:19:51.708;1191708;767;R2;2.1;13;ppB_right;13;1
R1-R2;15;15C;15C;15C;15C;H1P1S0M0R0;00:20:10.683;1210683;00:20:10.763;1210763;80;R2;2.12;15;ppA_both;00:01:54.698;114698;00:01:55.178;115178;480;R1;1.3;15;ppB_both;13;1
R1-R2;15;15C;15C;15C;15C;H1P1S0M0R0;00:20:10.683;1210683;00:20:10.763;1210763;80;R2;2.12;15;ppA_both;00:01:56.648;116648;00:01:57.008;117008;360;R1;1.3;15;ppB_both;13;1
R1-R2;15;15C;15C;15C;15C;H1P1S0M0R0;00:20:10.683;1210683;00:20:10.763;1210763;80;R2;2.12;15;ppA_both;00:01:58.619;118619;00:01:59.179;119179;560;R1;1.3;15;ppB_both;13;1
R2;15, 14;main;main;main;main;H0P1S0M0R0;00:20:11.185;1211185;00:20:11.680;1211680;495;R2;2.12;15;ppA_both;00:15:47.947;947947;00:15:48.626;948626;679;R2;2.1;14;ppB_both;13;0
R1-R2;15;NA;15D;15D;NA;H0P0S0M0R1;00:20:17.587;1217587;00:20:17.787;1217787;200;R2;2.12;15;ppA_right;00:02:10.585;130585;00:02:10.838;130838;253;R1;1.3;15;ppB_left;13;1
R1-R2;15;NA;15B;NA;15B;H1P0S0M0R0;00:20:20.912;1220912;00:20:21.153;1221153;241;R2;2.12;15;ppA_right;00:02:05.365;125365;00:02:05.926;125926;561;R1;1.3;15;ppB_right;13;1
R1-R2;15;15D;NA;15D;NA;H1P0S0M0R0;00:20:28.480;1228480;00:20:28.721;1228721;241;R2;2.12;15;ppA_left;00:02:10.585;130585;00:02:10.838;130838;253;R1;1.3;15;ppB_left;13;1
R1-R2;15;15C;15C;15C;15C;H1P1S0M1R0;00:20:29.752;1229752;00:20:29.872;1229872;120;R2;2.12;15;ppA_both;00:01:54.698;114698;00:01:55.178;115178;480;R1;1.3;15;ppB_both;13;1
R1-R2;15;15C;15C;15C;15C;H1P1S0M0R0;00:20:29.752;1229752;00:20:29.872;1229872;120;R2;2.12;15;ppA_both;00:01:56.648;116648;00:01:57.008;117008;360;R1;1.3;15;ppB_both;13;1
R1-R2;15;15C;15C;15C;15C;H1P1S0M1R0;00:20:29.752;1229752;00:20:29.872;1229872;120;R2;2.12;15;ppA_both;00:01:58.619;118619;00:01:59.179;119179;560;R1;1.3;15;ppB_both;13;1
R1-R2;15;15C;15C;15C;15C;H1P1S0M0R0;00:20:30.163;1230163;00:20:30.713;1230713;550;R2;2.12;15;ppA_both;00:01:54.698;114698;00:01:55.178;115178;480;R1;1.3;15;ppB_both;13;1
R1-R2;15;15C;15C;15C;15C;H1P1S0M0R0;00:20:30.163;1230163;00:20:30.713;1230713;550;R2;2.12;15;ppA_both;00:01:56.648;116648;00:01:57.008;117008;360;R1;1.3;15;ppB_both;13;1
R1-R2;15;15C;15C;15C;15C;H1P1S0M0R0;00:20:30.163;1230163;00:20:30.713;1230713;550;R2;2.12;15;ppA_both;00:01:58.619;118619;00:01:59.179;119179;560;R1;1.3;15;ppB_both;13;1
R1;9;NA;09D;NA;09D;H1P1S1M0R0;00:00:34.084;34084;00:00:34.844;34844;760;R1;1.1;9;ppA_right;00:00:17.127;17127;00:00:17.247;17247;120;R1;1.1;9;ppB_right;14;1
R1;9;NA;09A;NA;09A;H1P1S0M0R0;00:00:38.002;38002;00:00:39.190;39190;1188;R1;1.1;9;ppA_right;00:00:37.453;37453;00:00:37.815;37815;362;R1;1.1;9;ppB_right;14;1
R1;9;NA;09A;NA;09A;H1P1S1M0R1;00:00:38.002;38002;00:00:39.190;39190;1188;R1;1.1;9;ppA_right;00:00:38.951;38951;00:00:39.118;39118;167;R1;1.1;9;ppB_right;14;1
R1;9;NA;09A;NA;09A;H1P1S1M0R1;00:00:38.002;38002;00:00:39.190;39190;1188;R1;1.1;9;ppA_right;00:00:39.150;39150;00:00:39.324;39324;174;R1;1.1;9;ppB_right;14;1
R1;14;14B+14D;14B+14D;14B+14D;14B+14D;H1P1S0M1R1;00:02:25.648;145648;00:02:28.888;148888;3240;R1;1.4;14;ppA_both;00:02:23.876;143876;00:02:25.715;145715;1839;R1;1.4;14;ppB_both;14;1
R1;16;16B;16B;16B;16B;H1P1S0M0R0;00:03:10.350;190350;00:03:11.710;191710;1360;R1;1.6;16;ppA_both;00:03:16.560;196560;00:03:18.040;198040;1480;R1;1.6;16;ppB_both;14;1
R1;16;NA;16B;16B;16B;H0P1S0M0R0;00:03:07.808;187808;00:03:08.368;188368;560;R1;1.6;16;ppA_right;00:03:16.560;196560;00:03:18.040;198040;1480;R1;1.6;16;ppB_both;14;1
R1;16;NA;16D;NA;16D;H1P1S1M0R0;00:03:26.243;206243;00:03:27.443;207443;1200;R1;1.6;16;ppA_right;00:03:23.840;203840;00:03:25.578;205578;1738;R1;1.6;16;ppB_right;14;1
R1;12;NA;12C;NA;12C;H1P1S1M1R1;00:08:18.030;498030;00:08:18.510;498510;480;R1;1.16;12;ppA_right;00:08:20.524;500524;00:08:20.964;500964;440;R1;1.16;12;ppB_right;14;1
R1;12;NA;12C;12C;12C;H0P1S1M1R1;00:08:18.030;498030;00:08:18.510;498510;480;R1;1.16;12;ppA_right;00:08:22.101;502101;00:08:23.104;503104;1003;R1;1.16;12;ppB_both;14;1
R1-R2;14;14C;14C;14C;14C;H1P1S0M0R0;00:02:20.058;140058;00:02:20.136;140136;78;R1;1.4;14;ppA_both;00:08:32.491;512491;00:08:33.194;513194;703;R2;2.1;14;ppB_both;14;1
R1-R2;14;NA;14C;14C;14C;H1P1S0M0R0;00:02:21.678;141678;00:02:23.284;143284;1606;R1;1.4;14;ppA_right;00:08:32.491;512491;00:08:33.194;513194;703;R2;2.1;14;ppB_both;14;1
R1-R2;14;14C;14C;NA;14C;H0P1S0M0R0;00:02:20.058;140058;00:02:20.136;140136;78;R1;1.4;14;ppA_both;00:09:09.157;549157;00:09:10.055;550055;898;R2;2.1;14;ppB_right;14;1
R1-R2;14;NA;14C;NA;14C;H1P1S0M0R0;00:02:21.678;141678;00:02:23.284;143284;1606;R1;1.4;14;ppA_right;00:09:09.157;549157;00:09:10.055;550055;898;R2;2.1;14;ppB_right;14;1
R2;14;14C;14C;14C;14C;H1P1S0M0R0;00:09:11.747;551747;00:09:12.067;552067;320;R2;2.1;14;ppA_both;00:08:32.491;512491;00:08:33.194;513194;703;R2;2.1;14;ppB_both;14;1
R2;14;14C;14C;NA;14C;H0P1S0M0R0;00:09:11.747;551747;00:09:12.067;552067;320;R2;2.1;14;ppA_both;00:09:09.157;549157;00:09:10.055;550055;898;R2;2.1;14;ppB_right;14;1
R1-R2;14;14C;14C;14C;14C;H1P1S1M0R1;00:02:20.058;140058;00:02:20.136;140136;78;R1;1.4;14;ppA_both;00:09:12.423;552423;00:09:12.783;552783;360;R2;2.1;14;ppB_both;14;1
R2;14;14C;14C;14C;14C;H1P1S1M1R1;00:09:11.747;551747;00:09:12.067;552067;320;R2;2.1;14;ppA_both;00:09:12.423;552423;00:09:12.783;552783;360;R2;2.1;14;ppB_both;14;1
R1-R2;14;NA;14C;14C;14C;H0P1S1M1R1;00:02:21.678;141678;00:02:23.284;143284;1606;R1;1.4;14;ppA_right;00:09:12.423;552423;00:09:12.783;552783;360;R2;2.1;14;ppB_both;14;1
R1-R2;14;14B+14D;14B+14D;14B+14D;14B+14D;H1P1S0M1R1;00:09:13.498;553498;00:09:13.820;553820;322;R2;2.1;14;ppA_both;00:02:23.876;143876;00:02:25.715;145715;1839;R1;1.4;14;ppB_both;14;1
R2;14;14B+14D;14B+14D;NA;14D;H0P1S0M1R1;00:09:13.498;553498;00:09:13.820;553820;322;R2;2.1;14;ppA_both;00:08:38.512;518512;00:08:40.032;520032;1520;R2;2.1;14;ppB_right;14;1
R1-R2;9;09D;09D;NA;09D;H0P0S1M0R0;00:09:26.192;566192;00:09:26.794;566794;602;R2;2.2;9;ppA_both;00:00:17.127;17127;00:00:17.247;17247;120;R1;1.1;9;ppB_right;14;1
R1-R2;9;09A;NA;NA;09A;H1P1S0M0R1;00:09:33.476;573476;00:09:34.493;574493;1017;R2;2.2;9;ppA_left;00:00:37.453;37453;00:00:37.815;37815;362;R1;1.1;9;ppB_right;14;1
R1-R2;9;09A;NA;NA;09A;H1P1S1M0R1;00:09:33.476;573476;00:09:34.493;574493;1017;R2;2.2;9;ppA_left;00:00:38.951;38951;00:00:39.118;39118;167;R1;1.1;9;ppB_right;14;1
R1-R2;9;09A;NA;NA;09A;H1P1S1M1R1;00:09:33.476;573476;00:09:34.493;574493;1017;R2;2.2;9;ppA_left;00:00:39.150;39150;00:00:39.324;39324;174;R1;1.1;9;ppB_right;14;1
R1-R2;9;NA;09C;NA;09C;H0P0S1M0R1;00:09:36.819;576819;00:09:37.339;577339;520;R2;2.2;9;ppA_right;00:00:23.163;23163;00:00:28.202;28202;5039;R1;1.1;9;ppB_right;14;1
R1-R2;9;NA;09C;NA;09C;H0P0S1M0R1;00:09:36.819;576819;00:09:37.339;577339;520;R2;2.2;9;ppA_right;00:00:40.200;40200;00:00:41.739;41739;1539;R1;1.1;9;ppB_right;14;1
R2;9;NA;09C;NA;09C;H0P0S1M0R1;00:09:36.819;576819;00:09:37.339;577339;520;R2;2.2;9;ppA_right;00:09:50.189;590189;00:09:50.869;590869;680;R2;2.2;9;ppB_right;14;1
R1-R2;9;09D;NA;NA;09D;H0P0S1M0R0;00:09:50.294;590294;00:09:50.736;590736;442;R2;2.2;9;ppA_left;00:00:17.127;17127;00:00:17.247;17247;120;R1;1.1;9;ppB_right;14;1
R1-R2;9;NA;09A;NA;09A;H1P1S0M0R1;00:09:54.559;594559;00:09:54.919;594919;360;R2;2.2;9;ppA_right;00:00:37.453;37453;00:00:37.815;37815;362;R1;1.1;9;ppB_right;14;1
R1-R2;9;NA;09A;NA;09A;H1P1S0M0R1;00:09:54.559;594559;00:09:54.919;594919;360;R2;2.2;9;ppA_right;00:00:38.951;38951;00:00:39.118;39118;167;R1;1.1;9;ppB_right;14;1
R1-R2;9;NA;09A;NA;09A;H1P1S0M1R1;00:09:54.559;594559;00:09:54.919;594919;360;R2;2.2;9;ppA_right;00:00:39.150;39150;00:00:39.324;39324;174;R1;1.1;9;ppB_right;14;1
R2;9;09A;NA;NA;09A;H1P1S0M1R1;00:09:33.476;573476;00:09:34.493;574493;1017;R2;2.2;9;ppA_left;00:09:56.930;596930;00:09:57.130;597130;200;R2;2.2;9;ppB_right;14;1
R1-R2;9;NA;09A;NA;09A;H1P1S0M1R1;00:00:38.002;38002;00:00:39.190;39190;1188;R1;1.1;9;ppA_right;00:09:56.930;596930;00:09:57.130;597130;200;R2;2.2;9;ppB_right;14;1
R2;9;NA;09A;NA;09A;H1P1S0M0R0;00:09:54.559;594559;00:09:54.919;594919;360;R2;2.2;9;ppA_right;00:09:56.930;596930;00:09:57.130;597130;200;R2;2.2;9;ppB_right;14;1
R1-R2;9;NA;09A;NA;09A;H1P1S0M0R1;00:09:59.102;599102;00:09:59.622;599622;520;R2;2.2;9;ppA_right;00:00:37.453;37453;00:00:37.815;37815;362;R1;1.1;9;ppB_right;14;1
R1-R2;9;NA;09A;NA;09A;H1P1S0M0R1;00:09:59.102;599102;00:09:59.622;599622;520;R2;2.2;9;ppA_right;00:00:38.951;38951;00:00:39.118;39118;167;R1;1.1;9;ppB_right;14;1
R1-R2;9;NA;09A;NA;09A;H1P1S0M1R1;00:09:59.102;599102;00:09:59.622;599622;520;R2;2.2;9;ppA_right;00:00:39.150;39150;00:00:39.324;39324;174;R1;1.1;9;ppB_right;14;1
R2;9;NA;09A;NA;09A;H1P1S0M1R1;00:09:59.102;599102;00:09:59.622;599622;520;R2;2.2;9;ppA_right;00:09:56.930;596930;00:09:57.130;597130;200;R2;2.2;9;ppB_right;14;1
R1-R2;9;09C;NA;NA;09C;H0P0S1M0R1;00:10:00.907;600907;00:10:01.170;601170;263;R2;2.2;9;ppA_left;00:00:23.163;23163;00:00:28.202;28202;5039;R1;1.1;9;ppB_right;14;1
R1-R2;9;09C;NA;NA;09C;H0P0S1M0R1;00:10:00.907;600907;00:10:01.170;601170;263;R2;2.2;9;ppA_left;00:00:40.200;40200;00:00:41.739;41739;1539;R1;1.1;9;ppB_right;14;1
R2;9;09C;NA;NA;09C;H0P0S1M0R1;00:10:00.907;600907;00:10:01.170;601170;263;R2;2.2;9;ppA_left;00:09:50.189;590189;00:09:50.869;590869;680;R2;2.2;9;ppB_right;14;1
R2;9;09C;NA;NA;09C;H0P0S1M0R1;00:10:00.907;600907;00:10:01.170;601170;263;R2;2.2;9;ppA_left;00:10:01.328;601328;00:10:01.648;601648;320;R2;2.2;9;ppB_right;14;1
R2;9;NA;09C;NA;09C;H0P0S1M0R1;00:09:36.819;576819;00:09:37.339;577339;520;R2;2.2;9;ppA_right;00:10:01.328;601328;00:10:01.648;601648;320;R2;2.2;9;ppB_right;14;1
R1-R2;16;NA;16A;16A;NA;H0P0S0M0R1;00:03:20.726;200726;00:03:21.087;201087;361;R1;1.6;16;ppA_right;00:10:13.525;613525;00:10:13.605;613605;80;R2;2.3;16;ppB_left;14;1
R1-R2;16;NA;16A;NA;16A;H1P1S0M1R1;00:03:20.726;200726;00:03:21.087;201087;361;R1;1.6;16;ppA_right;00:10:14.095;614095;00:10:15.288;615288;1193;R2;2.3;16;ppB_right;14;1
R1-R2;16;16B;16B;NA;16B;H0P1S0M1R0;00:03:10.350;190350;00:03:11.710;191710;1360;R1;1.6;16;ppA_both;00:10:17.688;617688;00:10:18.128;618128;440;R2;2.3;16;ppB_right;14;1
R1-R2;16;NA;16B;NA;16B;H1P1S1M0R1;00:03:07.808;187808;00:03:08.368;188368;560;R1;1.6;16;ppA_right;00:10:17.688;617688;00:10:18.128;618128;440;R2;2.3;16;ppB_right;14;1
R1-R2;16;16C;NA;NA;16C;H0P0S0M1R0;00:03:02.252;182252;00:03:03.505;183505;1253;R1;1.6;16;ppA_left;00:10:25.596;625596;00:10:25.876;625876;280;R2;2.3;16;ppB_right;14;1
R1-R2;16;16C;NA;NA;16C;H0P0S0M0R0;00:03:22.267;202267;00:03:23.139;203139;872;R1;1.6;16;ppA_left;00:10:25.596;625596;00:10:25.876;625876;280;R2;2.3;16;ppB_right;14;1
R1-R2;16;NA;16D;NA;16D;H1P1S0M0R0;00:03:26.243;206243;00:03:27.443;207443;1200;R1;1.6;16;ppA_right;00:10:27.835;627835;00:10:28.353;628353;518;R2;2.3;16;ppB_right;14;1
R1-R2;16;16D;NA;NA;16D;H0P0S0M0R1;00:10:28.919;628919;00:10:29.559;629559;640;R2;2.3;16;ppA_left;00:03:23.840;203840;00:03:25.578;205578;1738;R1;1.6;16;ppB_right;14;1
R2;16;16D;NA;NA;16D;H0P0S0M0R0;00:10:28.919;628919;00:10:29.559;629559;640;R2;2.3;16;ppA_left;00:10:27.835;627835;00:10:28.353;628353;518;R2;2.3;16;ppB_right;14;1
R2;10;NA;10A+10B+10E+10F;10A+10B+10E+10F;10A+10B+10E+10F;H0P1S0M1R1;00:11:00.742;660742;00:11:01.340;661340;598;R2;2.5;10;ppA_right;00:10:59.359;659359;00:11:00.159;660159;800;R2;2.5;10;ppB_both;14;1
R1-R2;12;NA;12A;12A;12A;H0P1S0M0R0;00:08:13.104;493104;00:08:13.344;493344;240;R1;1.16;12;ppA_right;00:11:31.499;691499;00:11:32.008;692008;509;R2;2.7;12;ppB_both;14;1
R1-R2;12;NA;12A;NA;12A;H1P1S0M0R0;00:08:13.104;493104;00:08:13.344;493344;240;R1;1.16;12;ppA_right;00:11:32.402;692402;00:11:32.945;692945;543;R2;2.7;12;ppB_right;14;1
R1-R2;12;NA;12A;NA;12A;H1P0S0M1R1;00:08:13.104;493104;00:08:13.344;493344;240;R1;1.16;12;ppA_right;00:11:33.598;693598;00:11:34.518;694518;920;R2;2.7;12;ppB_right;14;1
R1-R2;12;12C;12C;12C;12C;H1P1S1M1R1;00:11:40.166;700166;00:11:40.446;700446;280;R2;2.7;12;ppA_both;00:08:22.101;502101;00:08:23.104;503104;1003;R1;1.16;12;ppB_both;14;1
R1-R2;12;12C;12C;NA;12C;H0P1S1M1R1;00:11:40.166;700166;00:11:40.446;700446;280;R2;2.7;12;ppA_both;00:08:20.524;500524;00:08:20.964;500964;440;R1;1.16;12;ppB_right;14;1
R1-R2;13;NA;13B;NA;13B;H1P1S0M0R0;00:12:20.167;740167;00:12:20.527;740527;360;R2;2.1;13;ppA_right;00:02:37.720;157720;00:02:38.085;158085;365;R1;1.5;13;ppB_right;14;1
R1-R2;13;NA;13B;NA;13B+13C;H1P1S0M0R0;00:12:20.167;740167;00:12:20.527;740527;360;R2;2.1;13;ppA_right;00:02:38.412;158412;00:02:39.252;159252;840;R1;1.5;13;ppB_right;14;1
R2;13;NA;13B;NA;13B;H1P1S0M0R0;00:12:20.167;740167;00:12:20.527;740527;360;R2;2.1;13;ppA_right;00:12:25.762;745762;00:12:27.592;747592;1830;R2;2.1;13;ppB_right;14;1
R1-R2;13;13A;13A;13A;13A;H1P0S0M0R0;00:12:27.657;747657;00:12:28.325;748325;668;R2;2.1;13;ppA_both;00:02:47.180;167180;00:02:47.380;167380;200;R1;1.5;13;ppB_both;14;1
R1-R2;15;NA;15B;15B;15B;H0P1S0M0R0;00:12:59.745;779745;00:13:01.985;781985;2240;R2;2.12;15;ppA_right;00:01:43.294;103294;00:01:43.993;103993;699;R1;1.3;15;ppB_both;14;1
R1-R2;15;NA;15B;15B;15B;H0P1S0M0R0;00:12:59.745;779745;00:13:01.985;781985;2240;R2;2.12;15;ppA_right;00:01:44.282;104282;00:01:44.642;104642;360;R1;1.3;15;ppB_both;14;1
R1-R2;15;NA;15B;NA;15B;H1P1S1M0R1;00:12:59.745;779745;00:13:01.985;781985;2240;R2;2.12;15;ppA_right;00:01:47.904;107904;00:01:48.485;108485;581;R1;1.3;15;ppB_right;14;1
R1-R2;15;15A;15A;15A;15A;H1P0S0M1R0;00:13:03.253;783253;00:13:03.974;783974;721;R2;2.12;15;ppA_both;00:01:31.102;91102;00:01:31.469;91469;367;R1;1.3;15;ppB_both;14;1
R1-R2;15;15A;15A;15A;15A;H1P1S0M1R1;00:13:03.253;783253;00:13:03.974;783974;721;R2;2.12;15;ppA_both;00:02:03.595;123595;00:02:04.475;124475;880;R1;1.3;15;ppB_both;14;1
R1-R2;15;15A;15A;NA;15A;H0P1S0M1R0;00:13:03.253;783253;00:13:03.974;783974;721;R2;2.12;15;ppA_both;00:01:32.472;92472;00:01:32.604;92604;132;R1;1.3;15;ppB_right;14;1
R1-R2;15;15A;15A;NA;15A;H0P1S0M0R0;00:13:03.253;783253;00:13:03.974;783974;721;R2;2.12;15;ppA_both;00:02:02.590;122590;00:02:02.790;122790;200;R1;1.3;15;ppB_right;14;1
R1;14, 15;main;main;15C;main;H1P1S1M0R0;00:03:04.253;184253;00:03:04.308;184308;55;R1;1.4;14;ppA_both;00:02:30.164;150164;00:02:30.444;150444;280;R1;1.3;15;ppB_both;16;0
R1;13;13A;13A;13A;13A;H1P1S1M0R0;00:04:00.752;240752;00:04:01.272;241272;520;R1;1.5;13;ppA_both;00:03:54.764;234764;00:03:55.404;235404;640;R1;1.5;13;ppB_both;16;1
R1;13;13A;13A;13A;13A;H1P1S0M0R0;00:04:00.752;240752;00:04:01.272;241272;520;R1;1.5;13;ppA_both;00:03:56.118;236118;00:03:56.318;236318;200;R1;1.5;13;ppB_both;16;1
R1;13;13A;13A;NA;13A;H0P1S0M0R0;00:04:00.752;240752;00:04:01.272;241272;520;R1;1.5;13;ppA_both;00:03:59.170;239170;00:04:00.570;240570;1400;R1;1.5;13;ppB_right;16;1
R1-R2;14;NA;14C;NA;14C;H1P1S0M1R1;00:03:09.381;189381;00:03:09.781;189781;400;R1;1.4;14;ppA_right;00:12:47.431;767431;00:12:48.105;768105;674;R2;2.1;14;ppB_right;16;1
R2;14;NA;14C;NA;14C;H1P1S0M9R0;00:12:58.998;778998;00:12:59.798;779798;800;R2;2.1;14;ppA_right;00:12:47.431;767431;00:12:48.105;768105;674;R2;2.1;14;ppB_right;16;1
R1-R2;16;16B;16B;16B;16B;H1P1S1M0R1;00:04:23.564;263564;00:04:26.318;266318;2754;R1;1.6;16;ppA_both;00:14:31.642;871642;00:14:32.131;872131;489;R2;2.3;16;ppB_both;16;1
R1-R2;16;NA;16B;16B;16B;H0P1S0M0R0;00:04:26.914;266914;00:04:27.354;267354;440;R1;1.6;16;ppA_right;00:14:31.642;871642;00:14:32.131;872131;489;R2;2.3;16;ppB_both;16;1
R1-R2;16;NA;16A;NA;16A;H1P1S1M0R1;00:04:14.693;254693;00:04:15.093;255093;400;R1;1.6;16;ppA_right;00:14:41.944;881944;00:14:42.982;882982;1038;R2;2.3;16;ppB_right;16;1
R2;16;16B;16B;16B;16B;H1P1S1M0R1;00:14:48.935;888935;00:14:49.375;889375;440;R2;2.3;16;ppA_both;00:14:31.642;871642;00:14:32.131;872131;489;R2;2.3;16;ppB_both;16;1
R1-R2;10;10A+10E;10A+10E;10A+10E;10A+10E;H1P1S0M1R0;00:07:02.080;422080;00:07:02.360;422360;280;R1;1.1;10;ppA_both;00:15:23.215;923215;00:15:23.735;923735;520;R2;2.5;10;ppB_both;16;1
R1-R2;10;NA;10A+10E;10A+10E;10A+10E;H0P1S0M1R0;00:07:03.892;423892;00:07:04.292;424292;400;R1;1.1;10;ppA_right;00:15:23.215;923215;00:15:23.735;923735;520;R2;2.5;10;ppB_both;16;1
R1-R2;10;10A+10E;10A+10E;10A+10E;10A+10E;H1P1S1M1R1;00:07:02.080;422080;00:07:02.360;422360;280;R1;1.1;10;ppA_both;00:15:24.304;924304;00:15:25.424;925424;1120;R2;2.5;10;ppB_both;16;1
R1-R2;10;NA;10A+10E;10A+10E;10A+10E;H0P1S1M1R1;00:07:03.892;423892;00:07:04.292;424292;400;R1;1.1;10;ppA_right;00:15:24.304;924304;00:15:25.424;925424;1120;R2;2.5;10;ppB_both;16;1
R1-R2;10;10B+10F;10B+10F;10B+10F;10B+10F;H1P1S0M0R1;00:07:07.259;427259;00:07:08.572;428572;1313;R1;1.1;10;ppA_both;00:15:26.434;926434;00:15:26.874;926874;440;R2;2.5;10;ppB_both;16;1
R1-R2;10;NA;10B;10B+10F;10B+10F;H0P1S0M0R1;00:07:04.650;424650;00:07:05.210;425210;560;R1;1.1;10;ppA_right;00:15:26.434;926434;00:15:26.874;926874;440;R2;2.5;10;ppB_both;16;1
R1-R2;10;10F;NA;10B+10F;10B+10F;H0P1S0M0R1;00:07:04.987;424987;00:07:05.467;425467;480;R1;1.1;10;ppA_left;00:15:26.434;926434;00:15:26.874;926874;440;R2;2.5;10;ppB_both;16;1
R1-R2;13, 15;13D;13D;13D-WF;13D-WF;H1P1S1M0R0;00:16:59.518;1019518;00:17:00.598;1020598;1080;R2;2.1;13;ppA_both;00:02:26.001;146001;00:02:27.061;147061;1060;R1;1.3;15;ppB_both;16;0
R1-R2;13;13A;13A;13A;13A;H1P1S0M0R1;00:17:02.806;1022806;00:17:03.404;1023404;598;R2;2.1;13;ppA_both;00:03:54.764;234764;00:03:55.404;235404;640;R1;1.5;13;ppB_both;16;1
R1-R2;13;13A;13A;13A;13A;H1P1S1M0R0;00:17:02.806;1022806;00:17:03.404;1023404;598;R2;2.1;13;ppA_both;00:03:56.118;236118;00:03:56.318;236318;200;R1;1.5;13;ppB_both;16;1
R1-R2;13;13A;13A;NA;13A;H0P1S1M0R0;00:17:02.806;1022806;00:17:03.404;1023404;598;R2;2.1;13;ppA_both;00:03:59.170;239170;00:04:00.570;240570;1400;R1;1.5;13;ppB_right;16;1
R1-R2;13;NA;13C;NA;13C;H1P1S0M0R0;00:17:05.015;1025015;00:17:05.375;1025375;360;R2;2.1;13;ppA_right;00:03:50.004;230004;00:03:50.204;230204;200;R1;1.5;13;ppB_right;16;1
R1-R2;13;NA;13B;13B;13B;H0P0S0M0R0;00:17:05.705;1025705;00:17:06.236;1026236;531;R2;2.1;13;ppA_right;00:03:43.223;223223;00:03:43.264;223264;41;R1;1.5;13;ppB_both;16;1
R1-R2;15;15C;15C;15C;main;H1P1S0M0R1;00:17:37.863;1057863;00:17:38.675;1058675;812;R2;2.12;15;ppA_both;00:02:30.164;150164;00:02:30.444;150444;280;R1;1.3;15;ppB_both;16;0
R1-R2;15;main;main;15C;main;H1P1S1M1R0;00:17:39.625;1059625;00:17:39.865;1059865;240;R2;2.12;15;ppA_both;00:02:30.164;150164;00:02:30.444;150444;280;R1;1.3;15;ppB_both;16;0
R1;9;NA;09A;NA;09A;H1P1S0M0R0;00:00:47.880;47880;00:00:48.079;48079;199;R1;1.1;9;ppA_right;00:00:21.757;21757;00:00:21.894;21894;137;R1;1.1;9;ppB_right;20;1
R1;9;NA;09A;NA;09A;H1P1S1M0R0;00:00:51.192;51192;00:00:51.392;51392;200;R1;1.1;9;ppA_right;00:00:21.757;21757;00:00:21.894;21894;137;R1;1.1;9;ppB_right;20;1
R1;9;NA;09B;09B;09B;H0P1S0M0R0;00:00:52.901;52901;00:00:53.134;53134;233;R1;1.1;9;ppA_right;00:00:18.695;18695;00:00:18.779;18779;84;R1;1.1;9;ppB_both;20;1
R1;9;NA;09B;09B;main;H0P1S0M0R0;00:00:52.901;52901;00:00:53.134;53134;233;R1;1.1;9;ppA_right;00:00:18.985;18985;00:00:19.150;19150;165;R1;1.1;9;ppB_both;20;0
R1;9;NA;09B;NA;09B;H1P1S0M1R0;00:00:52.901;52901;00:00:53.134;53134;233;R1;1.1;9;ppA_right;00:00:17.876;17876;00:00:18.343;18343;467;R1;1.1;9;ppB_right;20;1
R1;9;NA;09B;09B;09B;H0P1S0M0R0;00:00:53.458;53458;00:00:54.161;54161;703;R1;1.1;9;ppA_right;00:00:18.695;18695;00:00:18.779;18779;84;R1;1.1;9;ppB_both;20;1
R1;9;NA;09B;09B;main;H0P1S0M0R0;00:00:53.458;53458;00:00:54.161;54161;703;R1;1.1;9;ppA_right;00:00:18.985;18985;00:00:19.150;19150;165;R1;1.1;9;ppB_both;20;0
R1;9;NA;09B;NA;09B;H1P1S0M0R1;00:00:53.458;53458;00:00:54.161;54161;703;R1;1.1;9;ppA_right;00:00:17.876;17876;00:00:18.343;18343;467;R1;1.1;9;ppB_right;20;1
R1;9;NA;09B;09B;09B;H0P1S0M0R0;00:00:55.776;55776;00:00:56.343;56343;567;R1;1.1;9;ppA_right;00:00:18.695;18695;00:00:18.779;18779;84;R1;1.1;9;ppB_both;20;1
R1;9;NA;09B;09B;main;H0P1S0M0R0;00:00:55.776;55776;00:00:56.343;56343;567;R1;1.1;9;ppA_right;00:00:18.985;18985;00:00:19.150;19150;165;R1;1.1;9;ppB_both;20;0
R1;9;NA;09B;NA;09B;H1P1S0M0R0;00:00:55.776;55776;00:00:56.343;56343;567;R1;1.1;9;ppA_right;00:00:17.876;17876;00:00:18.343;18343;467;R1;1.1;9;ppB_right;20;1
R1;9;NA;09C;09C;NA;H0P0S1M0R0;00:00:57.771;57771;00:00:58.004;58004;233;R1;1.1;9;ppA_right;00:00:27.481;27481;00:00:27.814;27814;333;R1;1.1;9;ppB_left;20;1
R1;9;NA;09D;NA;09D;H1P1S1M0R1;00:00:59.220;59220;00:00:59.654;59654;434;R1;1.1;9;ppA_right;00:00:30.887;30887;00:00:31.821;31821;934;R1;1.1;9;ppB_right;20;1
R1;14, 15;NA;main;main;15C;H0P1S1M0R0;00:02:13.080;133080;00:02:13.281;133281;201;R1;1.4;14;ppA_right;00:01:34.683;94683;00:01:35.650;95650;967;R1;1.3;15;ppB_both;20;0
R1;14, 15;NA;main;main;15C;H0P1S1M1R0;00:02:13.080;133080;00:02:13.281;133281;201;R1;1.4;14;ppA_right;00:01:39.339;99339;00:01:39.640;99640;301;R1;1.3;15;ppB_both;20;0
R1;14, 9;NA;main;09B;main;H0P1S1M0R0;00:02:13.080;133080;00:02:13.281;133281;201;R1;1.4;14;ppA_right;00:00:18.985;18985;00:00:19.150;19150;165;R1;1.1;9;ppB_both;20;0
R1;14;NA;14C;NA;14C;H1P1S0M0R0;00:02:12.422;132422;00:02:12.814;132814;392;R1;1.4;14;ppA_right;00:02:21.546;141546;00:02:21.913;141913;367;R1;1.4;14;ppB_right;20;1
R1;14, 13;NA;main;NA;main;H1P1S0M0R0;00:02:13.080;133080;00:02:13.281;133281;201;R1;1.4;14;ppA_right;00:02:38.776;158776;00:02:39.327;159327;551;R1;1.5;13;ppB_right;20;0
R1;11;NA;11D;11D;NA;H0P0S0M0R0;00:04:00.642;240642;00:04:01.852;241852;1210;R1;1.7;11;ppA_right;00:03:44.091;224091;00:03:44.190;224190;99;R1;1.7;11;ppB_left;20;1
R1;11;NA;11D;11D;NA;H0P0S0M0R0;00:04:00.642;240642;00:04:01.852;241852;1210;R1;1.7;11;ppA_right;00:03:45.677;225677;00:03:45.910;225910;233;R1;1.7;11;ppB_left;20;1
R1;11;NA;11D;NA;11D;H1P1S0M0R0;00:04:00.642;240642;00:04:01.852;241852;1210;R1;1.7;11;ppA_right;00:03:51.833;231833;00:03:52.200;232200;367;R1;1.7;11;ppB_right;20;1
R1;11;NA;11D;NA;11D;H1P1S0M0R0;00:04:00.642;240642;00:04:01.852;241852;1210;R1;1.7;11;ppA_right;00:03:52.869;232869;00:03:53.284;233284;415;R1;1.7;11;ppB_right;20;1
R1;11;NA;11D;NA;11D;H1P1S0M0R1;00:04:00.642;240642;00:04:01.852;241852;1210;R1;1.7;11;ppA_right;00:03:54.763;234763;00:03:54.928;234928;165;R1;1.7;11;ppB_right;20;1
R1-R2;14;NA;14C;NA;14C;H1P1S0M0R0;00:02:12.422;132422;00:02:12.814;132814;392;R1;1.4;14;ppA_right;00:09:16.475;556475;00:09:16.875;556875;400;R2;2.1;14;ppB_right;20;1
R1-R2;14;NA;14A;NA;14A;H1P1S0M0R0;00:02:16.405;136405;00:02:17.909;137909;1504;R1;1.4;14;ppA_right;00:09:18.804;558804;00:09:19.536;559536;732;R2;2.1;14;ppB_right;20;1
R1-R2;14;NA;14A;NA;14A;H1P1S0M0R0;00:02:18.611;138611;00:02:19.256;139256;645;R1;1.4;14;ppA_right;00:09:18.804;558804;00:09:19.536;559536;732;R2;2.1;14;ppB_right;20;1
R1-R2;14;14B+14D;14B+14D;14B+14D;14B+14D;H1P1S0M0R1;00:02:26.502;146502;00:02:26.871;146871;369;R1;1.4;14;ppA_both;00:09:21.323;561323;00:09:21.489;561489;166;R2;2.1;14;ppB_both;20;1
R1-R2;14;NA;14B+14D;14B+14D;14B+14D;H0P1S0M0R1;00:02:27.389;147389;00:02:28.234;148234;845;R1;1.4;14;ppA_right;00:09:21.323;561323;00:09:21.489;561489;166;R2;2.1;14;ppB_both;20;1
R1-R2;9;NA;09A;NA;09A;H1P1S1M0R0;00:09:29.000;569000;00:09:29.200;569200;200;R2;2.2;9;ppA_right;00:00:21.757;21757;00:00:21.894;21894;137;R1;1.1;9;ppB_right;20;1
R1-R2;9;09C;NA;09C;NA;H1P1S1M0R1;00:09:30.004;570004;00:09:30.316;570316;312;R2;2.2;9;ppA_left;00:00:27.481;27481;00:00:27.814;27814;333;R1;1.1;9;ppB_left;20;1
R1-R2;9;NA;09B;09B;09B;H0P1S1M0R0;00:09:31.450;571450;00:09:32.970;572970;1520;R2;2.2;9;ppA_right;00:00:18.695;18695;00:00:18.779;18779;84;R1;1.1;9;ppB_both;20;1
R1-R2;9;NA;09B;09B;main;H0P1S1M0R1;00:09:31.450;571450;00:09:32.970;572970;1520;R2;2.2;9;ppA_right;00:00:18.985;18985;00:00:19.150;19150;165;R1;1.1;9;ppB_both;20;0
R1-R2;9;NA;09B;NA;09B;H1P1S1M0R0;00:09:31.450;571450;00:09:32.970;572970;1520;R2;2.2;9;ppA_right;00:00:17.876;17876;00:00:18.343;18343;467;R1;1.1;9;ppB_right;20;1
R1-R2;16;NA;16B;NA;16B;H1P1S1M1R1;00:03:26.939;206939;00:03:27.339;207339;400;R1;1.6;16;ppA_right;00:09:47.057;587057;00:09:47.251;587251;194;R2;2.3;16;ppB_right;20;1
R1-R2;16;NA;16A;NA;16A;H1P1S1M1R1;00:03:18.014;198014;00:03:19.094;199094;1080;R1;1.6;16;ppA_right;00:09:49.513;589513;00:09:49.713;589713;200;R2;2.3;16;ppB_right;20;1
R1-R2;16;NA;16C;16C;NA;H0P0S0M0R1;00:03:20.647;200647;00:03:21.007;201007;360;R1;1.6;16;ppA_right;00:09:51.587;591587;00:09:51.827;591827;240;R2;2.3;16;ppB_left;20;1
R1-R2;16;NA;16C;16C;16A;H0P1S0M0R1;00:03:20.647;200647;00:03:21.007;201007;360;R1;1.6;16;ppA_right;00:09:52.325;592325;00:09:52.565;592565;240;R2;2.3;16;ppB_both;20;1
R1-R2;16;NA;16A;16C;16A;H0P1S1M1R1;00:03:18.014;198014;00:03:19.094;199094;1080;R1;1.6;16;ppA_right;00:09:52.325;592325;00:09:52.565;592565;240;R2;2.3;16;ppB_both;20;1
R1-R2;11;NA;11D;11D;NA;H0P0S9M0R0;00:10:24.821;624821;00:10:25.061;625061;240;R2;2.6;11;ppA_right;00:03:44.091;224091;00:03:44.190;224190;99;R1;1.7;11;ppB_left;20;1
R1-R2;11;NA;11D;11D;NA;H0P0S0M0R0;00:10:24.821;624821;00:10:25.061;625061;240;R2;2.6;11;ppA_right;00:03:45.677;225677;00:03:45.910;225910;233;R1;1.7;11;ppB_left;20;1
R1-R2;11;NA;11D;NA;11D;H1P1S0M0R0;00:10:24.821;624821;00:10:25.061;625061;240;R2;2.6;11;ppA_right;00:03:51.833;231833;00:03:52.200;232200;367;R1;1.7;11;ppB_right;20;1
R1-R2;11;NA;11D;NA;11D;H1P1S0M0R0;00:10:24.821;624821;00:10:25.061;625061;240;R2;2.6;11;ppA_right;00:03:52.869;232869;00:03:53.284;233284;415;R1;1.7;11;ppB_right;20;1
R1-R2;11;NA;11D;NA;11D;H1P1S0M0R0;00:10:24.821;624821;00:10:25.061;625061;240;R2;2.6;11;ppA_right;00:03:54.763;234763;00:03:54.928;234928;165;R1;1.7;11;ppB_right;20;1
R1-R2;12;12B;12B;NA;12B;H0P1S1M0R0;00:08:52.234;532234;00:08:54.102;534102;1868;R1;1.16;12;ppA_both;00:10:31.795;631795;00:10:32.915;632915;1120;R2;2.7;12;ppB_right;20;1
R1-R2;12;12B;NA;NA;12B;H0P0S0M0R1;00:08:56.518;536518;00:08:56.813;536813;295;R1;1.16;12;ppA_left;00:10:31.795;631795;00:10:32.915;632915;1120;R2;2.7;12;ppB_right;20;1
R1-R2;12;NA;12B;NA;12B;H1P1S0M0R0;00:08:50.278;530278;00:08:51.079;531079;801;R1;1.16;12;ppA_right;00:10:31.795;631795;00:10:32.915;632915;1120;R2;2.7;12;ppB_right;20;1
R1-R2;12;12C;12C;12C;12C;H1P1S0M0R1;00:09:01.415;541415;00:09:02.016;542016;601;R1;1.16;12;ppA_both;00:10:33.727;633727;00:10:34.082;634082;355;R2;2.7;12;ppB_both;20;1
R1-R2;12;12C;12C;12C;12C;H1P1S0M0R1;00:09:03.404;543404;00:09:03.663;543663;259;R1;1.16;12;ppA_both;00:10:33.727;633727;00:10:34.082;634082;355;R2;2.7;12;ppB_both;20;1
R1-R2;12;NA;12C;12C;12C;H0P1S1M1R1;00:08:57.158;537158;00:08:57.325;537325;167;R1;1.16;12;ppA_right;00:10:33.727;633727;00:10:34.082;634082;355;R2;2.7;12;ppB_both;20;1
R1-R2;12;NA;12C;12C;12C;H0P1S1M0R1;00:08:57.472;537472;00:08:57.872;537872;400;R1;1.16;12;ppA_right;00:10:33.727;633727;00:10:34.082;634082;355;R2;2.7;12;ppB_both;20;1
R1-R2;13;13A;13A;NA;13A;H0P1S0M1R1;00:11:13.331;673331;00:11:13.604;673604;273;R2;2.1;13;ppA_both;00:02:52.662;172662;00:02:53.430;173430;768;R1;1.5;13;ppB_right;20;1
R1-R2;13;13A;13A;NA;13A;H0P1S0M0R1;00:11:13.604;673604;00:11:14.856;674856;1252;R2;2.1;13;ppA_both;00:02:52.662;172662;00:02:53.430;173430;768;R1;1.5;13;ppB_right;20;1
R1-R2;15;NA;15B;NA;15B;H1P1S0M0R0;00:11:27.205;687205;00:11:27.598;687598;393;R2;2.12;15;ppA_right;00:01:43.768;103768;00:01:44.902;104902;1134;R1;1.3;15;ppB_right;20;1
R1-R2;15;NA;15A;NA;15A;H1P1S1M0R1;00:11:29.802;689802;00:11:30.449;690449;647;R2;2.12;15;ppA_right;00:01:50.054;110054;00:01:50.321;110321;267;R1;1.3;15;ppB_right;20;1
